,DepartureDate,DepartureYear,DepartureMonth,DepartureDay,FlightNumber,DepartureAirport,ArrivalAirport,Route,ActualFlightTime,ActualTotalFuel,FLownPassengers,BagsCount,FlightBagsWeight,PredictedTOW
0,01/11/2016,2016,11,1,6003,MRS,BES,MRS-BES,84.0,3630.0,185,43,560,65484.969292681526
1,01/11/2016,2016,11,1,6004,BES,MRS,BES-MRS,86.0,3690.0,188,22,286,65633.52349084255
2,01/11/2016,2016,11,1,6542,MRS,STN,MRS-STN,100.0,4390.0,168,55,720,64832.781151186995
3,01/11/2016,2016,11,1,6541,STN,MRS,STN-MRS,100.0,4690.0,185,35,460,66055.44745445266
4,01/11/2016,2016,11,1,5542,STN,REU,STN-REU,112.0,4900.0,167,31,400,65021.496305710985
5,01/11/2016,2016,11,1,293,STN,DUB,STN-DUB,56.0,2750.0,136,20,260,60175.8723427604
6,01/11/2016,2016,11,1,298,DUB,STN,DUB-STN,50.0,2299.0,177,14,182,63239.36950291992
7,01/11/2016,2016,11,1,5543,REU,STN,REU-STN,126.0,5250.0,175,43,560,66333.6433620912
8,01/11/2016,2016,11,1,58,STN,NYO,STN-NYO,109.0,4510.0,174,47,610,65609.62635899644
9,01/11/2016,2016,11,1,8319,GDN,NYO,GDN-NYO,54.0,2350.0,175,26,340,63336.060523677355
10,01/11/2016,2016,11,1,59,NYO,STN,NYO-STN,138.0,5630.0,188,46,600,67898.09315775329
11,01/11/2016,2016,11,1,8320,NYO,GDN,NYO-GDN,56.0,2370.0,179,17,210,63658.872304829565
12,01/11/2016,2016,11,1,225,STN,DUB,STN-DUB,56.0,2740.0,174,38,490,63430.01888307324
13,01/11/2016,2016,11,1,294,DUB,STN,DUB-STN,57.0,2480.0,184,57,741,64448.41020126399
14,01/11/2016,2016,11,1,2644,STN,RIX,STN-RIX,125.0,5450.0,168,32,420,65631.80332055694
15,01/11/2016,2016,11,1,2645,RIX,STN,RIX-STN,155.0,6924.0,169,21,270,66807.28818334325
16,01/11/2016,2016,11,1,1788,STN,DTM,STN-DTM,51.0,2340.0,169,32,420,62777.96288523107
17,01/11/2016,2016,11,1,8383,ALC,STN,ALC-STN,145.0,6360.0,184,39,510,67790.9766943359
18,01/11/2016,2016,11,1,8382,STN,ALC,STN-ALC,134.0,5600.0,137,40,520,63518.92018103183
19,01/11/2016,2016,11,1,5346,DUB,KTW,DUB-KTW,127.0,5620.0,174,66,858,66483.01192578743
20,01/11/2016,2016,11,1,766,STN,PIK,STN-PIK,61.0,2200.0,143,17,230,60927.178923223495
21,01/11/2016,2016,11,1,799,TSF,STN,TSF-STN,114.0,4594.0,177,23,300,65854.06321748186
22,01/11/2016,2016,11,1,798,STN,TSF,STN-TSF,92.0,3980.0,169,25,330,64346.61790926404
23,01/11/2016,2016,11,1,7060,FCO,BCN,FCO-BCN,79.0,3330.0,181,11,140,64689.80823818993
24,01/11/2016,2016,11,1,7070,BCN,FCO,BCN-FCO,78.0,3633.0,178,22,290,64501.262263565346
25,01/11/2016,2016,11,1,4906,FCO,PMO,FCO-PMO,40.0,2260.0,168,18,240,62144.206552859556
26,01/11/2016,2016,11,1,9995,PMO,PSA,PMO-PSA,61.0,3060.0,178,16,210,63775.47579232509
27,01/11/2016,2016,11,1,4905,PMO,FCO,PMO-FCO,50.0,2340.0,179,25,330,63497.94383985436
28,01/11/2016,2016,11,1,2526,MAD,SXF,MAD-SXF,155.0,7000.0,174,16,210,67177.4771936035
29,01/11/2016,2016,11,1,2527,SXF,MAD,SXF-MAD,161.0,7074.0,183,40,520,68350.37563438855
30,01/11/2016,2016,11,1,1013,STN,PRG,STN-PRG,88.0,3882.0,174,27,350,64609.52127620748
31,01/11/2016,2016,11,1,1014,PRG,STN,PRG-STN,108.0,4760.0,163,20,260,64445.88701000848
32,01/11/2016,2016,11,1,7787,CHQ,BRS,CHQ-BRS,247.0,9700.0,175,51,660,71197.96899528758
33,01/11/2016,2016,11,1,7786,BRS,CHQ,BRS-CHQ,216.0,6830.0,26,39,513,57693.45262370187
34,01/11/2016,2016,11,1,1633,LIG,EMA,LIG-EMA,84.0,3646.0,170,15,190,64021.06329064098
35,01/11/2016,2016,11,1,4053,EMA,WMI,EMA-WMI,116.0,4780.0,147,32,420,63558.08507893885
36,01/11/2016,2016,11,1,4054,WMI,EMA,WMI-EMA,155.0,6330.0,168,29,370,66789.78461669276
37,01/11/2016,2016,11,1,5382,MAD,MLA,MAD-MLA,132.0,5990.0,175,50,650,66629.48307063832
38,01/11/2016,2016,11,1,5383,MLA,MAD,MLA-MAD,138.0,6250.0,181,38,490,67255.19625170821
39,01/11/2016,2016,11,1,3012,TLS,MAD,TLS-MAD,59.0,2570.0,160,21,276,62267.08998002186
40,01/11/2016,2016,11,1,3011,MAD,TLS,MAD-TLS,54.0,2650.0,171,12,160,62893.43425101964
41,01/11/2016,2016,11,1,2078,MRS,LIS,MRS-LIS,119.0,5052.0,177,42,550,66213.02234424774
42,01/11/2016,2016,11,1,9796,MRS,FCO,MRS-FCO,56.0,2730.0,180,42,546,63956.47731051508
43,01/11/2016,2016,11,1,9795,FCO,MRS,FCO-MRS,59.0,2730.0,179,39,510,63970.61295486904
44,01/11/2016,2016,11,1,2077,LIS,MRS,LIS-MRS,111.0,4821.0,186,71,920,66869.08544492006
45,01/11/2016,2016,11,1,3132,PFO,STN,PFO-STN,281.0,12070.0,184,107,1399,73757.23465306469
46,01/11/2016,2016,11,1,3131,STN,PFO,STN-PFO,239.0,9620.0,142,76,920,68349.98963094923
47,01/11/2016,2016,11,1,2014,PRG,STN,PRG-STN,112.0,4890.0,172,42,546,65524.026821570355
48,01/11/2016,2016,11,1,4984,BVA,TSF,BVA-TSF,73.0,3020.0,153,7,90,62130.74946219832
49,01/11/2016,2016,11,1,9035,BVA,ALC,BVA-ALC,112.0,4661.0,181,20,260,66076.01370024927
50,01/11/2016,2016,11,1,9034,ALC,BVA,ALC-BVA,112.0,4810.0,188,41,530,66821.70012520629
51,01/11/2016,2016,11,1,4985,TSF,BVA,TSF-BVA,90.0,3840.0,188,32,420,65878.29011570408
52,01/11/2016,2016,11,1,1039,FMM,TFS,FMM-TFS,272.0,11283.0,175,98,1269,72580.96411897599
53,01/11/2016,2016,11,1,1038,TFS,FMM,TFS-FMM,262.0,10860.0,171,111,1440,71967.1313464994
54,01/11/2016,2016,11,1,5998,STN,MAD,STN-MAD,128.0,5480.0,185,16,210,67005.60165056217
55,01/11/2016,2016,11,1,5997,MAD,STN,MAD-STN,115.0,4620.0,168,23,300,65158.01017444105
56,01/11/2016,2016,11,1,2505,LPA,HAM,LPA-HAM,271.0,10180.0,90,49,640,65188.70636457237
57,01/11/2016,2016,11,1,2506,HAM,LPA,HAM-LPA,302.0,12936.0,168,100,1300,73218.75349726787
58,01/11/2016,2016,11,1,7326,DUB,PRG,DUB-PRG,111.0,4780.0,181,74,962,66487.33261378222
59,01/11/2016,2016,11,1,8332,PRG,CIA,PRG-CIA,81.0,3520.0,176,26,338,64487.61538937762
60,01/11/2016,2016,11,1,8331,CIA,PRG,CIA-PRG,101.0,4280.0,167,15,200,64456.638299445935
61,01/11/2016,2016,11,1,7327,PRG,DUB,PRG-DUB,150.0,6430.0,173,31,400,67019.44222787501
62,01/11/2016,2016,11,1,1195,BLQ,STN,BLQ-STN,128.0,5390.0,183,25,325,66915.98758533923
63,01/11/2016,2016,11,1,1194,STN,BLQ,STN-BLQ,91.0,3941.0,183,23,300,65432.132997361085
64,01/11/2016,2016,11,1,9553,BHX,BCN,BHX-BCN,105.0,4503.0,161,32,420,64266.17219489995
65,01/11/2016,2016,11,1,9552,BCN,BHX,BCN-BHX,113.0,4930.0,170,30,390,65299.983109383524
66,01/11/2016,2016,11,1,19,SKG,ATH,SKG-ATH,40.0,1770.0,172,7,90,62374.829442761395
67,01/11/2016,2016,11,1,18,ATH,SKG,ATH-SKG,42.0,1880.0,173,10,130,62561.614039846216
68,01/11/2016,2016,11,1,3093,SKG,BVA,SKG-BVA,178.0,7560.0,176,47,610,68510.35733876769
69,01/11/2016,2016,11,1,3094,BVA,SKG,BVA-SKG,153.0,6210.0,159,16,210,65871.93175266043
70,01/11/2016,2016,11,1,3957,OTP,CIA,OTP-CIA,95.0,4060.0,181,21,270,65408.04633339698
71,01/11/2016,2016,11,1,3956,CIA,OTP,CIA-OTP,99.0,4060.0,164,52,503,64326.7147015877
72,01/11/2016,2016,11,1,9662,CIA,KRK,CIA-KRK,100.0,4390.0,174,43,560,65220.47372809772
73,01/11/2016,2016,11,1,9663,KRK,CIA,KRK-CIA,88.0,3845.0,173,23,300,64495.65253557706
74,01/11/2016,2016,11,1,2692,CIA,LIS,CIA-LIS,161.0,6800.0,184,31,400,68355.03051117503
75,01/11/2016,2016,11,1,2693,LIS,CIA,LIS-CIA,158.0,6540.0,185,56,736,68533.62521478097
76,01/11/2016,2016,11,1,5462,MAD,CRL,MAD-CRL,112.0,4660.0,183,29,380,66316.59987137411
77,01/11/2016,2016,11,1,5463,CRL,MAD,CRL-MAD,112.0,5061.0,175,67,220,65559.83422469861
78,01/11/2016,2016,11,1,863,RZE,DUB,RZE-DUB,176.0,7389.0,178,48,630,68607.35985918618
79,01/11/2016,2016,11,1,9994,PSA,PMO,PSA-PMO,60.0,3061.0,182,17,220,64069.21810044567
80,01/11/2016,2016,11,1,2013,STN,PRG,STN-PRG,82.0,3637.0,164,28,360,63560.45485727586
81,01/11/2016,2016,11,1,1830,PIK,CGN,PIK-CGN,81.0,3630.0,178,27,694,64879.81610089757
82,01/11/2016,2016,11,1,5347,KTW,DUB,KTW-DUB,169.0,7214.0,173,45,590,67895.23669475362
83,01/11/2016,2016,11,1,1789,DTM,STN,DTM-STN,61.0,2935.0,159,37,480,62395.73980205052
84,01/11/2016,2016,11,1,1632,EMA,LIG,EMA-LIG,80.0,3570.0,161,55,720,63467.150025530005
85,01/11/2016,2016,11,1,862,DUB,RZE,DUB-RZE,150.0,6200.0,183,51,663,68005.87265929097
86,01/11/2016,2016,11,1,2672,STN,CIA,STN-CIA,117.0,4790.0,164,26,340,64936.05969167364
87,01/11/2016,2016,11,1,9275,STN,EIN,STN-EIN,40.0,1923.0,165,45,590,62123.817577568094
88,01/11/2016,2016,11,1,2673,CIA,STN,CIA-STN,143.0,5900.0,177,45,590,67190.80214061236
89,01/11/2016,2016,11,1,9276,EIN,STN,EIN-STN,40.0,2200.0,172,14,190,62439.072892081356
90,01/11/2016,2016,11,1,9811,BCN,STN,BCN-STN,123.0,5380.0,158,20,260,64632.203440554156
91,01/11/2016,2016,11,1,9810,STN,BCN,STN-BCN,108.0,4700.0,156,28,360,63937.90134753533
92,01/11/2016,2016,11,1,6349,TSF,BCN,TSF-BCN,86.0,3680.0,183,30,390,65291.60159828309
93,01/11/2016,2016,11,1,6348,BCN,TSF,BCN-TSF,91.0,4380.0,178,23,300,65023.39791750886
94,01/11/2016,2016,11,1,1117,KRK,BFS,KRK-BFS,173.0,6585.0,132,48,626,64725.41708449332
95,01/11/2016,2016,11,1,1118,BFS,KRK,BFS-KRK,134.0,5265.0,151,35,460,64624.83233502609
96,01/11/2016,2016,11,1,6025,OTP,ATH,OTP-ATH,74.0,3260.0,161,23,316,62969.58588611819
97,01/11/2016,2016,11,1,6024,ATH,OTP,ATH-OTP,79.0,3551.0,159,46,600,63186.893753711964
98,01/11/2016,2016,11,1,7328,DUB,LIS,DUB-LIS,147.0,6260.0,178,64,832,67586.6987067099
99,01/11/2016,2016,11,1,8035,DUB,CGN,DUB-CGN,89.0,4030.0,186,72,936,66006.62218156099
100,01/11/2016,2016,11,1,8511,DUB,HAM,DUB-HAM,88.0,3930.0,175,64,832,65000.92171790014
101,01/11/2016,2016,11,1,8036,CGN,DUB,CGN-DUB,97.0,4594.0,174,35,463,65039.14728017778
102,01/11/2016,2016,11,1,8512,HAM,DUB,HAM-DUB,106.0,4830.0,139,38,490,62552.378358767324
103,01/11/2016,2016,11,1,1443,LPL,DUB,LPL-DUB,29.0,1490.0,175,59,770,62620.554838423355
104,01/11/2016,2016,11,1,9887,ALC,LPL,ALC-LPL,146.0,5810.0,179,46,600,67479.73081956484
105,01/11/2016,2016,11,1,9886,LPL,ALC,LPL-ALC,151.0,5900.0,152,54,700,65535.15534114874
106,01/11/2016,2016,11,1,1442,DUB,LPL,DUB-LPL,29.0,1370.0,171,50,650,62216.47463535762
107,01/11/2016,2016,11,1,2413,FMM,DUB,FMM-DUB,127.0,5180.0,181,58,750,66985.85811231499
108,01/11/2016,2016,11,1,1983,BIQ,DUB,BIQ-DUB,94.0,4130.0,167,36,470,64352.404907757475
109,01/11/2016,2016,11,1,2412,DUB,FMM,DUB-FMM,105.0,4550.0,188,115,1495,67163.95870629157
110,01/11/2016,2016,11,1,1982,DUB,BIQ,DUB-BIQ,101.0,4250.0,174,69,897,65476.64425299919
111,01/11/2016,2016,11,1,3633,BRE,STN,BRE-STN,71.0,2911.0,127,21,270,60041.625054356286
112,01/11/2016,2016,11,1,2634,STN,ZAZ,STN-ZAZ,112.0,4910.0,189,63,820,67089.75314420463
113,01/11/2016,2016,11,1,2635,ZAZ,STN,ZAZ-STN,113.0,4690.0,174,32,420,65646.24420806128
114,01/11/2016,2016,11,1,3634,STN,BRE,STN-BRE,57.0,2590.0,157,34,420,62035.01929774488
115,01/11/2016,2016,11,1,8555,STN,CDT,STN-CDT,118.0,4897.0,126,23,300,61843.645805761924
116,01/11/2016,2016,11,1,8554,CDT,STN,CDT-STN,122.0,5311.0,181,29,390,66556.23119129716
117,01/11/2016,2016,11,1,8369,BUD,STN,BUD-STN,149.0,6317.0,173,16,210,66857.7095734739
118,01/11/2016,2016,11,1,8371,STN,BUD,STN-BUD,110.0,4780.0,181,39,500,66150.85777723079
119,01/11/2016,2016,11,1,4742,WMI,GLA,WMI-GLA,157.0,6566.0,165,41,543,66735.02493749135
120,01/11/2016,2016,11,1,4741,GLA,WMI,GLA-WMI,123.0,5490.0,169,28,370,65602.08841048102
121,01/11/2016,2016,11,1,9212,FKB,GRO,FKB-GRO,80.0,3400.0,170,34,440,64022.99151116812
122,01/11/2016,2016,11,1,9211,GRO,FKB,GRO-FKB,91.0,4174.0,182,40,520,65491.72156989456
123,01/11/2016,2016,11,1,5011,PSR,BVA,PSR-BVA,120.0,5050.0,182,35,456,66601.0386824324
124,01/11/2016,2016,11,1,5012,BVA,PSR,BVA-PSR,104.0,4580.0,176,20,260,65349.9178148515
125,01/11/2016,2016,11,1,2301,SNN,BVA,SNN-BVA,70.0,3480.0,179,43,560,64439.10578715414
126,01/11/2016,2016,11,1,2302,BVA,SNN,BVA-SNN,89.0,3841.0,130,17,230,60975.23053501712
127,01/11/2016,2016,11,1,1183,LGW,SNN,LGW-SNN,68.0,3202.0,161,14,183,62646.121494363484
128,01/11/2016,2016,11,1,1182,SNN,LGW,SNN-LGW,72.0,3090.0,179,32,410,64422.080814560584
129,01/11/2016,2016,11,1,331,LTN,DUB,LTN-DUB,56.0,2820.0,132,11,140,59771.79213969466
130,01/11/2016,2016,11,1,332,DUB,LTN,DUB-LTN,51.0,2510.0,177,59,767,63654.8637821349
131,01/11/2016,2016,11,1,8142,LTN,NOC,LTN-NOC,65.0,3360.0,175,45,340,63772.431631302476
132,01/11/2016,2016,11,1,8143,NOC,LTN,NOC-LTN,59.0,2670.0,172,26,337,63287.24267575238
133,01/11/2016,2016,11,1,1395,OSL,STN,OSL-STN,107.0,4653.0,145,24,316,62970.746953466456
134,01/11/2016,2016,11,1,1394,STN,OSL,STN-OSL,99.0,4460.0,121,39,510,60816.090056310946
135,01/11/2016,2016,11,1,9336,BRS,GRO,BRS-GRO,100.0,3592.0,49,3,40,54668.030795328246
136,01/11/2016,2016,11,1,9335,GRO,BRS,GRO-BRS,113.0,4900.0,154,27,350,63966.333474128405
137,01/11/2016,2016,11,1,229,SZY,STN,SZY-STN,138.0,5767.0,148,37,490,64557.544724683525
138,01/11/2016,2016,11,1,228,STN,SZY,STN-SZY,105.0,4360.0,103,14,180,59370.66099024621
139,01/11/2016,2016,11,1,182,CGN,SXF,CGN-SXF,57.0,2390.0,144,11,140,60792.4264320332
140,01/11/2016,2016,11,1,186,CGN,SXF,CGN-SXF,48.0,2410.0,150,23,300,61028.66714052907
141,01/11/2016,2016,11,1,184,CGN,SXF,CGN-SXF,50.0,2360.0,139,9,120,60093.15195746462
142,01/11/2016,2016,11,1,183,SXF,CGN,SXF-CGN,53.0,2190.0,149,12,160,61055.32979897664
143,01/11/2016,2016,11,1,185,SXF,CGN,SXF-CGN,50.0,2270.0,159,10,130,61734.516621805524
144,01/11/2016,2016,11,1,187,SXF,CGN,SXF-CGN,52.0,2399.0,182,14,180,63726.159915172146
145,01/11/2016,2016,11,1,909,ORK,STN,ORK-STN,51.0,2830.0,179,45,540,63672.52518411947
146,01/11/2016,2016,11,1,902,ORK,STN,ORK-STN,74.0,3310.0,177,20,260,64241.561810026134
147,01/11/2016,2016,11,1,901,STN,ORK,STN-ORK,65.0,3170.0,114,21,270,58740.89324258134
148,01/11/2016,2016,11,1,908,STN,ORK,STN-ORK,65.0,2839.0,156,19,250,62161.41922347605
149,01/11/2016,2016,11,1,3101,AMS,DUB,AMS-DUB,79.0,3540.0,173,20,260,64112.924249610325
150,01/11/2016,2016,11,1,3100,DUB,AMS,DUB-AMS,68.0,3220.0,172,57,741,63903.81711724377
151,01/11/2016,2016,11,1,113,LGW,DUB,LGW-DUB,61.0,2710.0,158,12,163,62110.3410517358
152,01/11/2016,2016,11,1,112,DUB,LGW,DUB-LGW,61.0,2720.0,183,56,728,64516.99193965472
153,01/11/2016,2016,11,1,6390,DUB,BCN,DUB-BCN,125.0,4960.0,184,57,623,67070.16977820359
154,01/11/2016,2016,11,1,6391,BCN,DUB,BCN-DUB,129.0,5669.0,180,36,470,66803.56963963504
155,01/11/2016,2016,11,1,8396,STN,XRY,STN-XRY,156.0,6400.0,95,14,180,60739.85999783551
156,01/11/2016,2016,11,1,8397,XRY,STN,XRY-STN,151.0,6500.0,170,44,570,66923.0851445008
157,01/11/2016,2016,11,1,8814,NUE,AGP,NUE-AGP,163.0,7011.0,174,51,660,67783.93352108888
158,01/11/2016,2016,11,1,8813,AGP,NUE,AGP-NUE,156.0,6875.0,176,49,636,67654.31842034063
159,01/11/2016,2016,11,1,2815,CGN,STN,CGN-STN,60.0,2726.0,160,15,203,62259.86236271148
160,01/11/2016,2016,11,1,8363,STN,SVQ,STN-SVQ,153.0,6640.0,175,27,350,67269.8248372355
161,01/11/2016,2016,11,1,8364,SVQ,STN,SVQ-STN,144.0,6080.0,187,38,490,67983.69895169005
162,01/11/2016,2016,11,1,2816,STN,CGN,STN-CGN,55.0,2540.0,180,30,390,63816.58742888275
163,01/11/2016,2016,11,1,127,LGW,DUB,LGW-DUB,55.0,2394.0,139,16,216,60353.17617227776
164,01/11/2016,2016,11,1,126,DUB,LGW,DUB-LGW,65.0,2870.0,166,63,819,63344.43460981109
165,01/11/2016,2016,11,1,5946,BOH,MJV,BOH-MJV,131.0,4600.0,62,27,350,57159.66981732492
166,01/11/2016,2016,11,1,5947,MJV,BOH,MJV-BOH,119.0,5057.0,175,38,490,66010.98224271488
167,01/11/2016,2016,11,1,4977,BDS,STN,BDS-STN,174.0,7428.0,184,58,750,69095.59389280643
168,01/11/2016,2016,11,1,4976,STN,BDS,STN-BDS,150.0,6200.0,144,26,340,64610.23269514012
169,01/11/2016,2016,11,1,9542,STN,FAO,STN-FAO,161.0,6500.0,127,53,690,63881.756603887545
170,01/11/2016,2016,11,1,9543,FAO,STN,FAO-STN,151.0,6362.0,175,70,920,67556.6722969729
171,01/11/2016,2016,11,1,6444,CRL,SVQ,CRL-SVQ,145.0,6070.0,185,86,520,67879.14805523834
172,01/11/2016,2016,11,1,6445,SVQ,CRL,SVQ-CRL,136.0,5750.0,185,55,720,67650.60404763953
173,01/11/2016,2016,11,1,9101,CRL,VRN,CRL-VRN,67.0,2900.0,181,18,240,64278.01047919157
174,01/11/2016,2016,11,1,9102,VRN,CRL,VRN-CRL,74.0,3121.0,166,21,295,63364.82984161323
175,01/11/2016,2016,11,1,1918,CRL,VLC,CRL-VLC,111.0,4400.0,183,82,280,66212.68632136096
176,01/11/2016,2016,11,1,1919,VLC,CRL,VLC-CRL,115.0,4700.0,183,54,700,66641.18921127758
177,01/11/2016,2016,11,1,5991,MAD,BGY,MAD-BGY,113.0,4840.0,183,29,380,66356.26997206731
178,01/11/2016,2016,11,1,5992,BGY,MAD,BGY-MAD,108.0,4650.0,174,16,280,65357.95287554737
179,01/11/2016,2016,11,1,7127,LPA,DUB,LPA-DUB,228.0,9151.0,138,43,560,67355.35404189046
180,01/11/2016,2016,11,1,7126,DUB,LPA,DUB-LPA,267.0,11330.0,184,104,1103,73011.69263337289
181,01/11/2016,2016,11,1,4048,CPH,AGP,CPH-AGP,212.0,8893.0,181,134,883,70443.260458832
182,01/11/2016,2016,11,1,4047,AGP,CPH,AGP-CPH,193.0,8250.0,181,86,1120,69841.78552054963
183,01/11/2016,2016,11,1,2512,BVA,AGP,BVA-AGP,137.0,5405.0,152,18,230,64677.82971964021
184,01/11/2016,2016,11,1,2574,SCQ,AGP,SCQ-AGP,73.0,3080.0,180,25,330,64492.103171768256
185,01/11/2016,2016,11,1,2511,AGP,BVA,AGP-BVA,127.0,5370.0,189,42,550,67511.34734143864
186,01/11/2016,2016,11,1,2573,AGP,SCQ,AGP-SCQ,75.0,3300.0,184,31,400,64943.4018515604
187,01/11/2016,2016,11,1,119,LGW,DUB,LGW-DUB,56.0,2210.0,121,18,243,58938.74571681932
188,01/11/2016,2016,11,1,117,LGW,DUB,LGW-DUB,54.0,2310.0,151,24,260,61322.73738093069
189,01/11/2016,2016,11,1,116,DUB,LGW,DUB-LGW,58.0,2360.0,174,74,962,63812.58816524985
190,01/11/2016,2016,11,1,118,DUB,LGW,DUB-LGW,63.0,2500.0,177,18,234,63788.48740557782
191,01/11/2016,2016,11,1,9967,STN,SOF,STN-SOF,153.0,6690.0,158,38,490,65970.06639478588
192,01/11/2016,2016,11,1,9968,SOF,STN,SOF-STN,190.0,8072.0,168,48,590,68319.57372945845
193,01/11/2016,2016,11,1,3238,MAN,CRL,MAN-CRL,60.0,2589.0,163,14,190,62496.75176221122
194,01/11/2016,2016,11,1,3239,CRL,MAN,CRL-MAN,63.0,2780.0,175,24,40,63500.3610819562
195,01/11/2016,2016,11,1,2051,MAD,PMI,MAD-PMI,57.0,3340.0,152,16,210,61491.37297432074
196,01/11/2016,2016,11,1,5942,BOH,PMI,BOH-PMI,118.0,3834.0,25,5,70,53439.437259311024
197,01/11/2016,2016,11,1,5943,PMI,BOH,PMI-BOH,115.0,4950.0,187,48,620,66916.7825157034
198,01/11/2016,2016,11,1,2052,PMI,MAD,PMI-MAD,57.0,2610.0,172,30,390,63241.95150250557
199,01/11/2016,2016,11,1,6011,MRS,NDR,MRS-NDR,102.0,4600.0,168,64,840,64989.21349175733
200,01/11/2016,2016,11,1,6318,CRL,MRS,CRL-MRS,77.0,3330.0,178,74,400,64532.259957124115
201,01/11/2016,2016,11,1,6012,NDR,MRS,NDR-MRS,102.0,4230.0,182,41,630,65998.76047177165
202,01/11/2016,2016,11,1,6317,MRS,CRL,MRS-CRL,83.0,3490.0,181,31,410,65021.94595412661
203,01/11/2016,2016,11,1,168,STN,TRS,STN-TRS,100.0,4550.0,181,42,550,65786.27849495885
204,01/11/2016,2016,11,1,169,TRS,STN,TRS-STN,113.0,5088.0,174,38,490,65691.21462258526
205,01/11/2016,2016,11,1,4458,EMA,AGP,EMA-AGP,159.0,5900.0,99,19,250,61230.82877832085
206,01/11/2016,2016,11,1,4459,AGP,EMA,AGP-EMA,152.0,6489.0,180,32,420,67683.86023091851
207,01/11/2016,2016,11,1,1116,DUB,REU,DUB-REU,126.0,5560.0,189,75,975,67744.71190035528
208,01/11/2016,2016,11,1,1115,REU,DUB,REU-DUB,135.0,5845.0,175,38,490,66645.70385380597
209,01/11/2016,2016,11,1,9982,BLQ,AHO,BLQ-AHO,49.0,2100.0,173,8,104,62822.60144787538
210,01/11/2016,2016,11,1,9981,AHO,BLQ,AHO-BLQ,53.0,2200.0,166,14,182,62459.16262932461
211,01/11/2016,2016,11,1,2677,CPH,BLQ,CPH-BLQ,101.0,4100.0,181,73,500,65793.82687099205
212,01/11/2016,2016,11,1,2676,BLQ,CPH,BLQ-CPH,109.0,4400.0,172,40,520,65388.31322266758
213,01/11/2016,2016,11,1,3794,BRE,NYO,BRE-NYO,98.0,4140.0,152,27,353,63209.715235269214
214,01/11/2016,2016,11,1,7496,STN,GLA,STN-GLA,59.0,2649.0,122,21,270,59156.848766185736
215,01/11/2016,2016,11,1,7492,STN,GLA,STN-GLA,59.0,2670.0,145,10,130,60947.08930445803
216,01/11/2016,2016,11,1,7491,GLA,STN,GLA-STN,74.0,3350.0,159,159,170,62712.29641817015
217,01/11/2016,2016,11,1,7495,GLA,STN,GLA-STN,65.0,2860.0,169,14,180,63179.16001656787
218,01/11/2016,2016,11,1,3067,EIN,MAD,EIN-MAD,133.0,5980.0,183,15,200,67034.03377715524
219,01/11/2016,2016,11,1,3066,MAD,EIN,MAD-EIN,114.0,5066.0,182,42,550,66423.406920634
220,01/11/2016,2016,11,1,5092,BGY,SUF,BGY-SUF,74.0,3600.0,183,5,70,64609.98135214088
221,01/11/2016,2016,11,1,4535,BGY,EIN,BGY-EIN,73.0,3600.0,176,27,350,64177.96379775047
222,01/11/2016,2016,11,1,4536,EIN,BGY,EIN-BGY,70.0,3015.0,186,13,170,64760.7854465994
223,01/11/2016,2016,11,1,5093,SUF,BGY,SUF-BGY,85.0,3700.0,177,10,130,64594.41643353531
224,01/11/2016,2016,11,1,8167,TFS,STN,TFS-STN,232.0,9619.0,164,69,900,69857.88458758268
225,01/11/2016,2016,11,1,8166,STN,TFS,STN-TFS,257.0,10967.0,173,61,790,71514.69245439456
226,01/11/2016,2016,11,1,1685,MLA,NYO,MLA-NYO,218.0,9680.0,185,56,730,70909.97664941338
227,01/11/2016,2016,11,1,1684,NYO,MLA,NYO-MLA,203.0,8500.0,178,61,790,69781.24209681436
228,01/11/2016,2016,11,1,702,KIR,STN,KIR-STN,70.0,3120.0,179,24,325,64288.133681252235
229,01/11/2016,2016,11,1,2437,KRK,STN,KRK-STN,135.0,6045.0,182,16,210,67038.05130750319
230,01/11/2016,2016,11,1,701,STN,KIR,STN-KIR,68.0,3000.0,77,11,140,55751.74746963849
231,01/11/2016,2016,11,1,2436,STN,KRK,STN-KRK,103.0,4810.0,166,27,350,64550.596658841816
232,01/11/2016,2016,11,1,1944,BGY,NYO,BGY-NYO,134.0,5773.0,179,44,570,66984.41657645052
233,01/11/2016,2016,11,1,1943,NYO,BGY,NYO-BGY,142.0,5660.0,178,17,260,67020.87567313373
234,01/11/2016,2016,11,1,3557,RAK,STN,RAK-STN,190.0,7950.0,181,67,880,69568.59094010213
235,01/11/2016,2016,11,1,3556,STN,RAK,STN-RAK,203.0,8671.0,173,69,700,69314.68791257415
236,01/11/2016,2016,11,1,2372,STN,GDN,STN-GDN,95.0,4040.0,161,25,330,63811.65208358005
237,01/11/2016,2016,11,1,2373,GDN,STN,GDN-STN,121.0,5152.0,174,15,190,65815.84508017093
238,01/11/2016,2016,11,1,5179,BLL,STN,BLL-STN,66.0,3324.0,140,260,20,60745.3771352062
239,01/11/2016,2016,11,1,5178,STN,BLL,STN-BLL,69.0,3180.0,183,45,590,64745.696785138716
240,01/11/2016,2016,11,1,7498,STN,GLA,STN-GLA,64.0,2500.0,113,11,140,58535.959641801746
241,01/11/2016,2016,11,1,7497,GLA,STN,GLA-STN,69.0,2790.0,157,16,210,62376.14926249128
242,01/11/2016,2016,11,1,5483,OPO,MAD,OPO-MAD,51.0,2260.0,178,22,280,63423.74519991713
243,01/11/2016,2016,11,1,5482,MAD,OPO,MAD-OPO,48.0,2260.0,178,18,243,63280.964821589165
244,01/11/2016,2016,11,1,2863,LUX,OPO,LUX-OPO,130.0,5200.0,179,12,160,66562.3380314659
245,01/11/2016,2016,11,1,2862,OPO,LUX,OPO-LUX,120.0,4780.0,177,26,340,66117.78120136901
246,01/11/2016,2016,11,1,8583,SKG,STN,SKG-STN,195.0,8309.0,180,55,720,69582.40490868571
247,01/11/2016,2016,11,1,8582,STN,SKG,STN-SKG,163.0,6640.0,154,48,620,66123.295821952
248,01/11/2016,2016,11,1,1906,BRI,STN,BRI-STN,162.0,6880.0,172,54,700,67606.46676818277
249,01/11/2016,2016,11,1,1905,STN,BRI,STN-BRI,136.0,6130.0,171,42,550,66396.93196020936
250,01/11/2016,2016,11,1,1315,BFS,AGP,BFS-AGP,171.0,6890.0,162,51,670,67126.75447992107
251,01/11/2016,2016,11,1,1314,AGP,BFS,AGP-BFS,171.0,7070.0,175,112,1460,68696.98893716457
252,01/11/2016,2016,11,1,1492,BZR,NYO,BZR-NYO,160.0,6367.0,136,40,520,64468.59578308442
253,01/11/2016,2016,11,1,1491,NYO,BZR,NYO-BZR,175.0,7115.0,176,45,590,68378.49834682411
254,01/11/2016,2016,11,1,8804,CGN,AGP,CGN-AGP,159.0,7100.0,182,48,626,68257.38647331088
255,01/11/2016,2016,11,1,8803,AGP,CGN,AGP-CGN,163.0,7040.0,178,89,1160,68432.13883157047
256,01/11/2016,2016,11,1,14,EMA,PIK,EMA-PIK,45.0,1610.0,88,21,284,55831.06289639068
257,01/11/2016,2016,11,1,100,PIK,PIK,PIK-PIK,136.0,5490.0,184,36,470,67408.24840836917
258,01/11/2016,2016,11,1,101,PIK,PIK,PIK-PIK,86.0,3490.0,162,27,353,63551.14418665535
259,01/11/2016,2016,11,1,15,PIK,EMA,PIK-EMA,42.0,2520.0,175,33,429,62917.19598525379
260,01/11/2016,2016,11,1,1210,PFO,ATH,PFO-ATH,83.0,3760.0,184,21,270,65177.246172989995
261,01/11/2016,2016,11,1,1240,ATH,RHO,ATH-RHO,45.0,2090.0,144,9,120,60303.536533850885
262,01/11/2016,2016,11,1,1200,ATH,PFO,ATH-PFO,73.0,3630.0,185,48,620,65087.144254648374
263,01/11/2016,2016,11,1,1250,RHO,ATH,RHO-ATH,47.0,2210.0,172,40,520,62928.76697968959
264,01/11/2016,2016,11,1,4372,HHN,RIX,HHN-RIX,117.0,4920.0,173,36,470,65755.29931952359
265,01/11/2016,2016,11,1,4102,HHN,CIA,HHN-CIA,83.0,3440.0,180,37,480,64985.16935268014
266,01/11/2016,2016,11,1,4373,RIX,HHN,RIX-HHN,123.0,5320.0,183,42,550,66862.18484284318
267,01/11/2016,2016,11,1,4101,CIA,HHN,CIA-HHN,96.0,4149.0,180,60,780,65693.61100965153
268,01/11/2016,2016,11,1,154,MAD,HAM,MAD-HAM,146.0,6310.0,169,36,470,66578.74417574443
269,01/11/2016,2016,11,1,155,HAM,MAD,HAM-MAD,156.0,6829.0,175,38,490,67478.77596836303
270,01/11/2016,2016,11,1,8162,STN,AGP,STN-AGP,155.0,6400.0,148,33,430,65193.39036687583
271,01/11/2016,2016,11,1,8163,AGP,STN,AGP-STN,149.0,6260.0,182,68,880,68023.86382765166
272,01/11/2016,2016,11,1,2522,GLA,ALC,GLA-ALC,169.0,6750.0,148,47,610,65864.40998535647
273,01/11/2016,2016,11,1,2521,ALC,GLA,ALC-GLA,173.0,7220.0,175,40,520,68172.44071494331
274,01/11/2016,2016,11,1,5516,CTA,MXP,CTA-MXP,106.0,4620.0,181,26,340,65889.38785554608
275,01/11/2016,2016,11,1,5515,MXP,CTA,MXP-CTA,93.0,3930.0,162,27,360,63833.33193296009
276,01/11/2016,2016,11,1,7824,BCN,PIK,BCN-PIK,144.0,6331.0,169,36,470,66499.40397435805
277,01/11/2016,2016,11,1,7823,PIK,BCN,PIK-BCN,135.0,5400.0,173,19,250,66328.02554349716
278,01/11/2016,2016,11,1,205,STN,DUB,STN-DUB,56.0,2910.0,155,12,180,61677.67088674288
279,01/11/2016,2016,11,1,202,DUB,STN,DUB-STN,69.0,2940.0,184,43,559,64807.52833181998
280,01/11/2016,2016,11,1,554,DUB,MAN,DUB-MAN,35.0,1638.0,171,35,455,62329.22051334285
281,01/11/2016,2016,11,1,555,MAN,DUB,MAN-DUB,41.0,1928.0,178,21,270,63020.6198480532
282,01/11/2016,2016,11,1,7423,ALC,NYO,ALC-NYO,218.0,9550.0,185,97,1260,71250.4669308092
283,01/11/2016,2016,11,1,7422,NYO,ALC,NYO-ALC,225.0,9390.0,180,47,700,70759.65923961753
284,01/11/2016,2016,11,1,4512,EDI,WMI,EDI-WMI,126.0,4984.0,122,22,296,61831.44880945289
285,01/11/2016,2016,11,1,4511,WMI,EDI,WMI-EDI,157.0,6420.0,152,18,230,65471.23173350408
286,01/11/2016,2016,11,1,6446,CRL,SKG,CRL-SKG,138.0,6030.0,165,63,350,65857.30316713314
287,01/11/2016,2016,11,1,6447,SKG,CRL,SKG-CRL,171.0,7340.0,187,29,380,68984.12387615432
288,01/11/2016,2016,11,1,7494,STN,GLA,STN-GLA,60.0,3032.0,149,3,40,61255.92836464504
289,01/11/2016,2016,11,1,7493,GLA,STN,GLA-STN,50.0,2462.0,153,12,150,61256.88321584684
290,01/11/2016,2016,11,1,8832,BDS,EIN,BDS-EIN,145.0,6113.0,174,36,470,66947.80915490346
291,01/11/2016,2016,11,1,8833,EIN,BDS,EIN-BDS,124.0,5110.0,180,21,270,66476.73223752916
292,01/11/2016,2016,11,1,9082,ALC,BOH,ALC-BOH,121.0,5274.0,174,53,690,66137.06232677074
293,01/11/2016,2016,11,1,9083,BOH,ALC,BOH-ALC,129.0,5020.0,150,51,680,64486.070404093596
294,01/11/2016,2016,11,1,5355,IBZ,MAD,IBZ-MAD,52.0,2390.0,177,33,430,63478.033458619815
295,01/11/2016,2016,11,1,5354,MAD,IBZ,MAD-IBZ,49.0,2630.0,174,26,340,63055.96300424094
296,01/11/2016,2016,11,1,5798,SKG,HHN,SKG-HHN,150.0,6340.0,173,48,630,67167.20216131092
297,01/11/2016,2016,11,1,5797,HHN,SKG,HHN-SKG,125.0,5290.0,171,39,510,65934.86347285625
298,01/11/2016,2016,11,1,5713,FAO,HHN,FAO-HHN,154.0,6490.0,182,82,1070,68344.27688482555
299,01/11/2016,2016,11,1,5712,HHN,FAO,HHN-FAO,174.0,6750.0,112,46,600,63113.44356895442
300,01/11/2016,2016,11,1,9134,BVA,OPO,BVA-OPO,103.0,4800.0,178,8,100,65370.952227187256
301,01/11/2016,2016,11,1,4507,BOD,OPO,BOD-OPO,68.0,3270.0,164,23,320,62979.376067843164
302,01/11/2016,2016,11,1,4506,OPO,BOD,OPO-BOD,7.0,3250.0,184,35,460,62284.38107401522
303,01/11/2016,2016,11,1,9135,OPO,BVA,OPO-BVA,101.0,4700.0,183,15,200,65764.59055497305
304,01/11/2016,2016,11,1,411,LTN,CPH,LTN-CPH,79.0,3240.0,177,31,400,64529.85314254006
305,01/11/2016,2016,11,1,410,CPH,LTN,CPH-LTN,106.0,4200.0,173,51,350,65241.83607271452
306,01/11/2016,2016,11,1,7407,CPH,LTN,CPH-LTN,102.0,4040.0,171,54,668,65123.955806838334
307,01/11/2016,2016,11,1,8296,BRS,ALC,BRS-ALC,130.0,5230.0,131,31,470,62837.63595777641
308,01/11/2016,2016,11,1,8297,ALC,BRS,ALC-BRS,127.0,5490.0,179,24,310,66539.69290336626
309,01/11/2016,2016,11,1,4348,BLQ,SVQ,BLQ-SVQ,137.0,6023.0,170,15,195,66126.79079984623
310,01/11/2016,2016,11,1,4349,SVQ,BLQ,SVQ-BLQ,133.0,5830.0,166,28,360,65747.12402456961
311,01/11/2016,2016,11,1,2562,NUE,MLA,NUE-MLA,127.0,5190.0,176,63,820,66622.09344698674
312,01/11/2016,2016,11,1,2561,MLA,NUE,MLA-NUE,137.0,5870.0,144,52,680,64312.949113816474
313,01/11/2016,2016,11,1,9616,EIN,CIA,EIN-CIA,99.0,4050.0,179,18,230,65377.535324500874
314,01/11/2016,2016,11,1,9615,CIA,EIN,CIA-EIN,116.0,4750.0,176,21,270,65832.38336810181
315,01/11/2016,2016,11,1,8078,MPL,CRL,MPL-CRL,80.0,3510.0,175,40,386,64397.035128387564
316,01/11/2016,2016,11,1,300,CPH,CRL,CPH-CRL,79.0,3578.0,186,15,223,65151.86538097773
317,01/11/2016,2016,11,1,301,CRL,CPH,CRL-CPH,74.0,3220.0,162,53,330,63060.32698499343
318,01/11/2016,2016,11,1,8077,CRL,MPL,CRL-MPL,76.0,3550.0,184,76,410,64989.496297185586
319,01/11/2016,2016,11,1,2098,CIA,LIS,CIA-LIS,164.0,7000.0,183,26,340,68353.7477276922
320,01/11/2016,2016,11,1,2097,LIS,CIA,LIS-CIA,156.0,6516.0,167,42,552,66864.63077917784
321,01/11/2016,2016,11,1,3212,MAN,GRO,MAN-GRO,113.0,4145.0,76,24,310,57564.368848705686
322,01/11/2016,2016,11,1,3213,GRO,MAN,GRO-MAN,129.0,5582.0,179,46,600,66805.33910778054
323,01/11/2016,2016,11,1,3242,MAN,BZR,MAN-BZR,102.0,4114.0,92,24,320,58442.374341539675
324,01/11/2016,2016,11,1,3243,BZR,MAN,BZR-MAN,118.0,4810.0,149,37,490,63845.8897267901
325,01/11/2016,2016,11,1,1725,KRK,EMA,KRK-EMA,150.0,6430.0,178,35,450,67460.29903238722
326,01/11/2016,2016,11,1,1724,EMA,KRK,EMA-KRK,123.0,4940.0,169,58,750,65846.21351789687
327,01/11/2016,2016,11,1,507,BRS,DUB,BRS-DUB,43.0,1982.0,146,26,340,60529.0259529093
328,01/11/2016,2016,11,1,506,DUB,BRS,DUB-BRS,40.0,1990.0,179,79,1027,63549.01967468257
329,01/11/2016,2016,11,1,9429,BGY,DUB,BGY-DUB,143.0,6080.0,183,45,590,67681.28423643504
330,01/11/2016,2016,11,1,9428,DUB,BGY,DUB-BGY,121.0,5380.0,185,70,910,67177.61509094955
331,01/11/2016,2016,11,1,1887,LIS,STN,LIS-STN,149.0,6467.0,183,61,793,68049.71904271372
332,01/11/2016,2016,11,1,806,NOC,STN,NOC-STN,60.0,2830.0,178,21,270,63774.35176122388
333,01/11/2016,2016,11,1,1886,STN,LIS,STN-LIS,145.0,6320.0,179,42,550,67407.93899421167
334,01/11/2016,2016,11,1,805,STN,NOC,STN-NOC,71.0,3020.0,78,7,90,55920.38306302853
335,01/11/2016,2016,11,1,7071,FCO,BRI,FCO-BRI,42.0,1800.0,155,30,390,61257.2007206101
336,01/11/2016,2016,11,1,7067,BDS,FCO,BDS-FCO,55.0,2286.0,183,10,130,63894.79550856218
337,01/11/2016,2016,11,1,7066,FCO,BDS,FCO-BDS,53.0,2270.0,159,12,160,61872.7999586811
338,01/11/2016,2016,11,1,7074,BRI,FCO,BRI-FCO,44.0,1950.0,167,4,50,62099.07738595396
339,01/11/2016,2016,11,1,9525,LUZ,STN,LUZ-STN,156.0,6734.0,175,31,400,67420.95686397507
340,01/11/2016,2016,11,1,9524,STN,LUZ,STN-LUZ,118.0,5292.0,162,22,290,64780.11403576596
341,01/11/2016,2016,11,1,2467,SZZ,STN,SZZ-STN,109.0,4660.0,174,28,360,65449.017735696536
342,01/11/2016,2016,11,1,2466,STN,SZZ,STN-SZZ,83.0,3580.0,150,15,220,62365.72590533487
343,01/11/2016,2016,11,1,8042,CRL,AOI,CRL-AOI,87.0,4010.0,162,27,350,63588.88698386894
344,01/11/2016,2016,11,1,1893,BZG,DUB,BZG-DUB,165.0,6630.0,141,32,410,65005.01357215066
345,01/11/2016,2016,11,1,1892,DUB,BZG,DUB-BZG,125.0,5860.0,173,64,832,66305.2214116074
346,01/11/2016,2016,11,1,3006,FEZ,TLS,FEZ-TLS,104.0,4350.0,171,71,930,65371.61384544302
347,01/11/2016,2016,11,1,3007,TLS,FEZ,TLS-FEZ,106.0,4460.0,169,40,516,65021.492134703876
348,01/11/2016,2016,11,1,7759,FEZ,MAD,FEZ-MAD,79.0,3340.0,177,12,160,64375.66886417214
349,01/11/2016,2016,11,1,7758,MAD,FEZ,MAD-FEZ,79.0,3515.0,154,47,610,62784.58301879173
350,01/11/2016,2016,11,1,1397,OSL,STN,OSL-STN,111.0,4331.0,140,29,383,62763.73538743137
351,01/11/2016,2016,11,1,5173,BLL,STN,BLL-STN,83.0,3560.0,181,48,620,65156.857197698526
352,01/11/2016,2016,11,1,5172,STN,BLL,STN-BLL,66.0,3270.0,152,27,350,61938.34470960742
353,01/11/2016,2016,11,1,1396,STN,OSL,STN-OSL,97.0,3800.0,112,23,300,59866.11546761863
354,01/11/2016,2016,11,1,1975,POZ,DUB,POZ-DUB,155.0,6186.0,146,42,550,65106.9884741189
355,01/11/2016,2016,11,1,1974,DUB,POZ,DUB-POZ,120.0,5280.0,172,68,884,66058.53048581738
356,01/11/2016,2016,11,1,7011,NYO,WMI,NYO-WMI,69.0,3000.0,179,21,270,64213.12968343306
357,01/11/2016,2016,11,1,7012,WMI,NYO,WMI-NYO,74.0,3270.0,178,41,540,64503.19048409248
358,01/11/2016,2016,11,1,2921,BRU,BCN,BRU-BCN,96.0,4210.0,182,17,210,65490.91738046864
359,01/11/2016,2016,11,1,2963,BRU,MXP,BRU-MXP,73.0,3330.0,178,14,169,64225.177186422225
360,01/11/2016,2016,11,1,2964,MXP,BRU,MXP-BRU,74.0,3211.0,179,24,310,64437.17756662701
361,01/11/2016,2016,11,1,2922,BCN,BRU,BCN-BRU,101.0,4590.0,181,29,380,65716.7347318081
362,01/11/2016,2016,11,1,562,DUB,MAN,DUB-MAN,32.0,1660.0,174,40,520,62497.20950123258
363,01/11/2016,2016,11,1,6395,DUB,BCN,DUB-BCN,128.0,5570.0,184,66,858,67340.15218618508
364,01/11/2016,2016,11,1,6394,BCN,DUB,BCN-DUB,127.0,5605.0,179,19,250,66501.14683377428
365,01/11/2016,2016,11,1,561,MAN,DUB,MAN-DUB,37.0,1960.0,170,36,470,62336.45021615678
366,01/11/2016,2016,11,1,465,TRN,STN,TRN-STN,107.0,4430.0,169,33,430,65005.9128689819
367,01/11/2016,2016,11,1,464,STN,TRN,STN-TRN,92.0,4030.0,177,18,230,64936.35058770764
368,01/11/2016,2016,11,1,125,AOI,STN,AOI-STN,133.0,5540.0,182,35,460,67119.31972941672
369,01/11/2016,2016,11,1,124,STN,AOI,STN-AOI,110.0,4670.0,167,24,310,64884.33699993663
370,01/11/2016,2016,11,1,4468,EMA,AGP,EMA-AGP,157.0,5120.0,59,16,420,57990.821801960585
371,01/11/2016,2016,11,1,4469,AGP,EMA,AGP-EMA,159.0,6221.0,176,58,750,67846.56625464496
372,01/11/2016,2016,11,1,3502,HAM,MAN,HAM-MAN,91.0,3520.0,87,8,100,57455.9325655584
373,01/11/2016,2016,11,1,3501,MAN,HAM,MAN-HAM,73.0,2900.0,119,10,130,59377.048298931164
374,01/11/2016,2016,11,1,35,BTS,MAN,BTS-MAN,147.0,6120.0,181,37,480,67605.80281301496
375,01/11/2016,2016,11,1,34,MAN,BTS,MAN-BTS,115.0,5000.0,171,41,540,65557.4355007203
376,01/11/2016,2016,11,1,7063,ALC,DUB,ALC-DUB,150.0,6580.0,180,39,510,67662.33913392009
377,01/11/2016,2016,11,1,443,LPL,DUB,LPL-DUB,28.0,1610.0,167,52,680,61869.089505578624
378,01/11/2016,2016,11,1,7062,DUB,ALC,DUB-ALC,145.0,6340.0,174,69,897,67222.1286834997
379,01/11/2016,2016,11,1,442,DUB,LPL,DUB-LPL,33.0,1560.0,173,42,546,62471.83588277852
380,01/11/2016,2016,11,1,1454,DUB,BRU,DUB-BRU,75.0,3340.0,182,86,1118,65241.175785736836
381,01/11/2016,2016,11,1,1455,BRU,DUB,BRU-DUB,78.0,3720.0,167,32,393,63668.21584069001
382,01/11/2016,2016,11,1,4845,BGY,DUB,BGY-DUB,140.0,5900.0,177,35,460,66988.27535441684
383,01/11/2016,2016,11,1,4844,DUB,BGY,DUB-BGY,117.0,5150.0,189,32,416,67028.56011241794
384,01/11/2016,2016,11,1,2849,AGP,SNN,AGP-SNN,154.0,6526.0,174,34,440,67285.56702634622
385,01/11/2016,2016,11,1,2848,SNN,AGP,SNN-AGP,158.0,6610.0,177,34,440,67689.48847703033
386,01/11/2016,2016,11,1,4852,FCO,CTA,FCO-CTA,53.0,2340.0,166,30,400,62599.213348842124
387,01/11/2016,2016,11,1,1936,BCN,NYO,BCN-NYO,185.0,8009.0,171,56,730,68456.40510295177
388,01/11/2016,2016,11,1,1935,NYO,BCN,NYO-BCN,188.0,7840.0,182,30,390,69256.20485301838
389,01/11/2016,2016,11,1,964,STN,GOT,STN-GOT,84.0,3936.0,133,36,470,61176.305357830395
390,01/11/2016,2016,11,1,965,GOT,STN,GOT-STN,110.0,4812.0,177,35,460,65798.17233362103
391,01/11/2016,2016,11,1,4060,WMI,AGP,WMI-AGP,223.0,9356.0,178,24,310,70266.2755539424
392,01/11/2016,2016,11,1,4059,AGP,WMI,AGP-WMI,204.0,9140.0,179,38,490,69709.9288655181
393,01/11/2016,2016,11,1,7623,RZE,EMA,RZE-EMA,167.0,6966.0,181,25,330,68302.8396528989
394,01/11/2016,2016,11,1,7622,EMA,RZE,EMA-RZE,129.0,5565.0,166,60,780,65858.26610894069
395,01/11/2016,2016,11,1,9772,STN,FKB,STN-FKB,60.0,2870.0,189,48,620,64898.42100951864
396,01/11/2016,2016,11,1,9055,FKB,ALC,FKB-ALC,123.0,5290.0,168,45,600,65668.10132794648
397,01/11/2016,2016,11,1,9054,ALC,FKB,ALC-FKB,127.0,5462.0,177,56,730,66646.02135856921
398,01/11/2016,2016,11,1,9773,FKB,STN,FKB-STN,77.0,3370.0,180,53,690,64882.059992092894
399,01/11/2016,2016,11,1,8027,MJV,STN,MJV-STN,136.0,5590.0,183,34,440,67307.22835760274
400,01/11/2016,2016,11,1,8028,STN,MJV,STN-MJV,134.0,5740.0,154,32,420,64844.37600320944
401,01/11/2016,2016,11,1,3024,CGN,RIX,CGN-RIX,102.0,4660.0,161,26,336,64093.1973953916
402,01/11/2016,2016,11,1,3025,RIX,CGN,RIX-CGN,120.0,5438.0,177,24,380,66143.47858109699
403,01/11/2016,2016,11,1,297,STN,DUB,STN-DUB,57.0,2650.0,161,26,340,62310.612602170695
404,01/11/2016,2016,11,1,288,DUB,STN,DUB-STN,55.0,2280.0,174,11,153,63173.84835817176
405,01/11/2016,2016,11,1,4871,CTA,FCO,CTA-FCO,58.0,2770.0,181,16,210,63901.70653815684
406,01/11/2016,2016,11,1,4872,FCO,CTA,FCO-CTA,49.0,2485.0,181,6,80,63461.159147802144
407,01/11/2016,2016,11,1,6912,MST,GRO,MST-GRO,97.0,3737.0,107,16,229,59411.76753874923
408,01/11/2016,2016,11,1,6911,GRO,MST,GRO-MST,103.0,4670.0,176,23,300,65335.94509388629
409,01/11/2016,2016,11,1,1636,NYO,PSA,NYO-PSA,144.0,6009.0,181,24,320,67384.00299202345
410,01/11/2016,2016,11,1,1637,PSA,NYO,PSA-NYO,147.0,6000.0,181,78,1010,67946.29309441076
411,01/11/2016,2016,11,1,6046,CRL,NDR,CRL-NDR,152.0,6670.0,174,101,440,67206.22682495983
412,01/11/2016,2016,11,1,6045,NDR,CRL,NDR-CRL,155.0,6512.0,183,71,930,68375.75317244124
413,01/11/2016,2016,11,1,8240,BRS,VCE,BRS-VCE,108.0,4150.0,115,14,180,60470.635483971135
414,01/11/2016,2016,11,1,8241,VCE,BRS,VCE-BRS,122.0,4980.0,172,41,530,65910.4488766111
415,01/11/2016,2016,11,1,6601,EMA,PMI,EMA-PMI,126.0,3960.0,11,5,70,52612.33984127034
416,01/11/2016,2016,11,1,6602,PMI,EMA,PMI-EMA,149.0,6041.0,182,68,880,68023.86382765166
417,01/11/2016,2016,11,1,4525,BGY,CRL,BGY-CRL,79.0,3492.0,178,17,220,64495.96194973457
418,01/11/2016,2016,11,1,4524,CRL,BGY,CRL-BGY,66.0,2800.0,181,62,140,64174.09692917841
419,01/11/2016,2016,11,1,6055,CRL,TSF,CRL-TSF,67.0,2940.0,179,58,180,64075.970377658705
420,01/11/2016,2016,11,1,6056,TSF,CRL,TSF-CRL,79.0,3410.0,176,18,230,64338.89226272567
421,01/11/2016,2016,11,1,2462,STN,BZG,STN-BZG,98.0,4370.0,158,21,270,63646.87526815632
422,01/11/2016,2016,11,1,2463,BZG,STN,BZG-STN,124.0,4940.0,175,55,580,66267.1518505688
423,01/11/2016,2016,11,1,7465,TUF,OPO,TUF-OPO,103.0,4300.0,171,21,270,64907.936979238075
424,01/11/2016,2016,11,1,7464,OPO,TUF,OPO-TUF,104.0,4650.0,188,24,310,66363.00373115682
425,01/11/2016,2016,11,1,6332,BCN,SCQ,BCN-SCQ,83.0,3700.0,173,7,90,64162.39078853917
426,01/11/2016,2016,11,1,6333,SCQ,BCN,SCQ-BCN,87.0,3510.0,177,23,300,64782.970498765644
427,01/11/2016,2016,11,1,6407,NRN,BZR,NRN-BZR,95.0,4130.0,154,26,340,63245.84731671893
428,01/11/2016,2016,11,1,6219,PMI,NRN,PMI-NRN,128.0,5690.0,184,39,510,67116.5849825516
429,01/11/2016,2016,11,1,6408,BZR,NRN,BZR-NRN,88.0,3740.0,152,34,440,62868.90602924565
430,01/11/2016,2016,11,1,6218,NRN,PMI,NRN-PMI,123.0,4930.0,120,35,450,61647.87938738517
431,01/11/2016,2016,11,1,6139,AGP,FCO,AGP-FCO,132.0,5310.0,177,26,340,66593.82240968733
432,01/11/2016,2016,11,1,6138,FCO,AGP,FCO-AGP,130.0,5330.0,178,36,473,66681.67301186694
433,01/11/2016,2016,11,1,5292,BGY,SUF,BGY-SUF,80.0,3600.0,171,4,50,63854.1890747907
434,01/11/2016,2016,11,1,4705,BRI,BGY,BRI-BGY,69.0,3140.0,179,18,240,64193.85664863707
435,01/11/2016,2016,11,1,4704,BGY,BRI,BGY-BRI,70.0,3030.0,187,13,170,64842.532462569856
436,01/11/2016,2016,11,1,5293,SUF,BGY,SUF-BGY,85.0,3438.0,179,9,120,64751.486120544214
437,01/11/2016,2016,11,1,200,CPH,CRL,CPH-CRL,75.0,3450.0,177,56,330,64326.20232524331
438,01/11/2016,2016,11,1,201,CRL,CPH,CRL-CPH,76.0,3350.0,177,64,330,64365.8724259365
439,01/11/2016,2016,11,1,2106,TLS,CRL,TLS-CRL,80.0,3547.0,180,41,346,64780.07282851181
440,01/11/2016,2016,11,1,2105,CRL,TLS,CRL-TLS,87.0,4100.0,180,61,200,64963.968097357014
441,01/11/2016,2016,11,1,2532,BLL,AGP,BLL-AGP,197.0,8571.0,173,93,1210,69404.3088999468
442,01/11/2016,2016,11,1,2531,AGP,BLL,AGP-BLL,183.0,7941.0,177,89,1160,69143.79382946389
443,01/11/2016,2016,11,1,4097,RIX,MAN,RIX-MAN,167.0,7284.0,185,36,470,68719.76854582861
444,01/11/2016,2016,11,1,4096,MAN,RIX,MAN-RIX,129.0,5620.0,170,45,590,66063.19161911454
445,01/11/2016,2016,11,1,4754,TFS,BRS,TFS-BRS,215.0,9020.0,183,99,1290,70987.23563158471
446,01/11/2016,2016,11,1,4753,BRS,TFS,BRS-TFS,245.0,10370.0,172,54,700,70899.08512571783
447,01/11/2016,2016,11,1,9628,LPL,POZ,LPL-POZ,104.0,4453.0,159,66,860,64345.679239273704
448,01/11/2016,2016,11,1,9629,POZ,LPL,POZ-LPL,135.0,5390.0,163,39,510,65677.58835202461
449,01/11/2016,2016,11,1,2528,MAD,SXF,MAD-SXF,151.0,6670.0,178,32,420,67480.69609828442
450,01/11/2016,2016,11,1,2529,SXF,MAD,SXF-MAD,166.0,7247.0,180,13,170,68078.63301732331
451,01/11/2016,2016,11,1,8857,WRO,ORK,WRO-ORK,164.0,7100.0,178,56,730,68195.56210018782
452,01/11/2016,2016,11,1,8856,ORK,WRO,ORK-WRO,125.0,5451.0,183,30,390,66838.73552531764
453,01/11/2016,2016,11,1,8411,BUD,BGY,BUD-BGY,72.0,3283.0,174,33,440,64032.61876950435
454,01/11/2016,2016,11,1,8412,BGY,BUD,BGY-BUD,71.0,3280.0,178,27,350,64262.11762830497
455,01/11/2016,2016,11,1,8885,BGY,BDS,BGY-BDS,72.0,3560.0,178,7,100,64141.17910569826
456,01/11/2016,2016,11,1,8886,BDS,BGY,BDS-BGY,76.0,3470.0,175,11,140,64080.31584028768
457,01/11/2016,2016,11,1,9138,OPO,DLE,OPO-DLE,113.0,4520.0,174,28,360,65607.6981384693
458,01/11/2016,2016,11,1,7458,OPO,LRH,OPO-LRH,83.0,3390.0,181,20,260,64925.58078014666
459,01/11/2016,2016,11,1,9139,DLE,OPO,DLE-OPO,119.0,4400.0,134,18,240,62498.7459646267
460,01/11/2016,2016,11,1,7459,LRH,OPO,LRH-OPO,79.0,3060.0,124,14,193,60064.27735601413
461,01/11/2016,2016,11,1,3187,MAN,MAD,MAN-MAD,136.0,6050.0,180,35,465,67078.0481720214
462,01/11/2016,2016,11,1,3186,MAD,MAN,MAD-MAN,116.0,5169.0,173,33,430,65689.93183910241
463,01/11/2016,2016,11,1,2871,VNO,BGY,VNO-BGY,137.0,5580.0,169,22,20,65932.61774756586
464,01/11/2016,2016,11,1,2872,BGY,VNO,BGY-VNO,131.0,5737.0,188,38,490,67549.73465864899
465,01/11/2016,2016,11,1,5708,HHN,RAK,HHN-RAK,203.0,9110.0,176,76,990,69746.23496351339
466,01/11/2016,2016,11,1,9957,PSA,CTA,PSA-CTA,70.0,3180.0,174,25,330,63882.61077386601
467,01/11/2016,2016,11,1,9958,CTA,PSA,CTA-PSA,72.0,3560.0,180,21,270,64413.88700148309
468,01/11/2016,2016,11,1,7040,FCO,SUF,FCO-SUF,42.0,2304.0,162,22,290,61765.18638308326
469,01/11/2016,2016,11,1,6936,PSA,SUF,PSA-SUF,63.0,3000.0,170,20,260,63232.96159060789
470,01/11/2016,2016,11,1,7050,SUF,FCO,SUF-FCO,53.0,2500.0,179,9,90,63462.769863566034
471,01/11/2016,2016,11,1,9023,DLE,FEZ,DLE-FEZ,150.0,6420.0,178,81,1049,67845.11729381379
472,01/11/2016,2016,11,1,9024,FEZ,DLE,FEZ-DLE,177.0,7840.0,182,73,950,69179.59706158504
473,01/11/2016,2016,11,1,8318,CIA,NUE,CIA-NUE,83.0,3538.0,163,31,400,63544.07532172659
474,01/11/2016,2016,11,1,8317,NUE,CIA,NUE-CIA,72.0,3130.0,173,63,900,64246.39162040573
475,01/11/2016,2016,11,1,8119,STN,NUE,STN-NUE,68.0,3160.0,97,19,250,57457.35558329935
476,01/11/2016,2016,11,1,8120,NUE,STN,NUE-STN,81.0,3720.0,176,51,660,64694.4792961879
477,01/11/2016,2016,11,1,983,PSR,STN,PSR-STN,143.0,6150.0,183,36,470,67604.19209725109
478,01/11/2016,2016,11,1,982,STN,PSR,STN-PSR,116.0,5020.0,147,18,230,63436.02252523092
479,01/11/2016,2016,11,1,3072,STN,CIA,STN-CIA,121.0,5070.0,182,34,440,66630.42983123439
480,01/11/2016,2016,11,1,7592,MLA,CIA,MLA-CIA,73.0,3240.0,171,16,210,63679.28788885029
481,01/11/2016,2016,11,1,3073,CIA,STN,CIA-STN,143.0,5500.0,175,40,520,66982.3376941475
482,01/11/2016,2016,11,1,7591,CIA,MLA,CIA-MLA,64.0,2870.0,162,63,820,62978.41887972932
483,01/11/2016,2016,11,1,1903,STN,LNZ,STN-LNZ,93.0,4310.0,170,42,550,64609.370614431595
484,01/11/2016,2016,11,1,1904,LNZ,STN,LNZ-STN,107.0,4761.0,161,30,390,64326.239361490356
485,01/11/2016,2016,11,1,2603,VLC,MAN,VLC-MAN,139.0,5750.0,176,48,620,66969.64775666514
486,01/11/2016,2016,11,1,2604,MAN,VLC,MAN-VLC,148.0,5873.0,138,34,450,64111.07819218302
487,01/11/2016,2016,11,1,6729,KRK,CRL,KRK-CRL,101.0,4363.0,181,17,220,65613.94521289616
488,01/11/2016,2016,11,1,6728,CRL,KRK,CRL-KRK,94.0,4210.0,173,58,280,64720.82444987222
489,01/11/2016,2016,11,1,1836,STN,PDV,STN-PDV,159.0,6980.0,170,48,620,67272.56767470634
490,01/11/2016,2016,11,1,1837,PDV,STN,PDV-STN,202.0,8653.0,181,42,550,69832.62876566459
491,01/11/2016,2016,11,1,2047,ACE,LBA,ACE-LBA,229.0,9210.0,172,67,876,70377.43198542987
492,01/11/2016,2016,11,1,2048,LBA,ACE,LBA-ACE,247.0,10131.0,156,66,860,69773.26259048903
493,01/11/2016,2016,11,1,9853,LGW,ORK,LGW-ORK,63.0,2990.0,174,34,446,63679.44247022481
494,01/11/2016,2016,11,1,906,ORK,STN,ORK-STN,70.0,3130.0,182,30,390,64575.132971221545
495,01/11/2016,2016,11,1,905,STN,ORK,STN-ORK,61.0,2725.0,168,15,200,62951.581287688634
496,01/11/2016,2016,11,1,9852,ORK,LGW,ORK-LGW,59.0,2630.0,180,45,580,64097.33038536346
497,01/11/2016,2016,11,1,1086,CTA,BLQ,CTA-BLQ,84.0,3590.0,176,37,480,64697.85138949155
498,01/11/2016,2016,11,1,4851,CTA,FCO,CTA-FCO,61.0,2560.0,160,18,230,62316.87819472107
499,01/11/2016,2016,11,1,1085,BLQ,CTA,BLQ-CTA,75.0,3190.0,171,18,230,63771.47678010067
500,01/11/2016,2016,11,1,3256,LTN,FNI,LTN-FNI,90.0,3700.0,159,24,300,63430.534513377206
501,01/11/2016,2016,11,1,3257,FNI,LTN,FNI-LTN,103.0,3900.0,155,31,413,63691.852856238496
502,01/11/2016,2016,11,1,2679,LTN,CPH,LTN-CPH,82.0,3300.0,160,12,160,63104.97989475416
503,01/11/2016,2016,11,1,2678,CPH,LTN,CPH-LTN,104.0,4263.0,182,67,600,66058.82763836204
504,01/11/2016,2016,11,1,2154,BHX,MJV,BHX-MJV,138.0,5550.0,127,41,540,62872.979113964146
505,01/11/2016,2016,11,1,2155,MJV,BHX,MJV-BHX,139.0,5470.0,182,38,490,67376.61336837185
506,01/11/2016,2016,11,1,668,DUB,BHX,DUB-BHX,41.0,1880.0,176,12,156,62783.88828388755
507,01/11/2016,2016,11,1,669,BHX,DUB,BHX-DUB,38.0,1860.0,147,14,180,60309.63294650184
508,01/11/2016,2016,11,1,5356,MAD,KRK,MAD-KRK,174.0,7740.0,181,21,270,68541.98428815926
509,01/11/2016,2016,11,1,5357,KRK,MAD,KRK-MAD,178.0,7587.0,178,14,180,68397.60453863273
510,01/11/2016,2016,11,1,4914,PMO,VRN,PMO-VRN,74.0,3630.0,179,17,1234,65030.787038343464
511,01/11/2016,2016,11,1,4915,VRN,PMO,VRN-PMO,70.0,3170.0,181,21,256,64407.29973316235
512,01/11/2016,2016,11,1,4933,BVA,PMO,BVA-PMO,132.0,5501.0,153,52,690,64856.74609901651
513,01/11/2016,2016,11,1,4932,PMO,BVA,PMO-BVA,136.0,6030.0,189,66,860,68067.53294056926
514,01/11/2016,2016,11,1,4714,BGY,RIX,BGY-RIX,146.0,6220.0,175,36,470,67069.22627156711
515,01/11/2016,2016,11,1,4715,RIX,BGY,RIX-BGY,145.0,6260.0,168,23,300,66348.11319523686
516,01/11/2016,2016,11,1,4235,BGY,BVA,BGY-BVA,77.0,3240.0,180,23,300,64631.51053974504
517,01/11/2016,2016,11,1,4236,BVA,BGY,BVA-BGY,68.0,2885.0,183,16,210,64461.90157702967
518,01/11/2016,2016,11,1,666,DUB,BHX,DUB-BHX,42.0,2049.0,176,45,585,63099.16278216338
519,01/11/2016,2016,11,1,667,BHX,DUB,BHX-DUB,43.0,2100.0,85,9,120,55401.12239020822
520,01/11/2016,2016,11,1,3525,LTN,FUE,LTN-FUE,241.0,10680.0,173,64,830,70905.66822303146
521,01/11/2016,2016,11,1,3526,FUE,LTN,FUE-LTN,219.0,8884.0,155,64,830,68561.47972031319
522,01/11/2016,2016,11,1,6241,NRN,EDI,NRN-EDI,84.0,3470.0,161,34,440,63445.94877020689
523,01/11/2016,2016,11,1,8606,NRN,BGY,NRN-BGY,72.0,2970.0,141,24,340,61270.72379315969
524,01/11/2016,2016,11,1,6242,EDI,NRN,EDI-NRN,70.0,3170.0,175,29,380,63996.47951449643
525,01/11/2016,2016,11,1,8607,BGY,NRN,BGY-NRN,77.0,3314.0,167,25,320,63581.64802199324
526,01/11/2016,2016,11,1,8140,IBZ,BCN,IBZ-BCN,41.0,1948.0,183,20,260,63422.93058297342
527,01/11/2016,2016,11,1,6384,BCN,SDR,BCN-SDR,56.0,2720.0,146,7,90,60884.12863862091
528,01/11/2016,2016,11,1,6385,SDR,BCN,SDR-BCN,59.0,2590.0,182,9,120,63965.30455043251
529,01/11/2016,2016,11,1,8141,BCN,IBZ,BCN-IBZ,40.0,2190.0,183,14,180,63331.86572282427
530,01/11/2016,2016,11,1,6267,BCN,EDI,BCN-EDI,145.0,6244.0,172,46,600,66867.83160707852
531,01/11/2016,2016,11,1,6266,EDI,BCN,EDI-BCN,139.0,5900.0,185,180,580,67679.67352067116
532,01/11/2016,2016,11,1,4612,HHN,AGP,HHN-AGP,151.0,6440.0,174,39,507,67209.599835311
533,01/11/2016,2016,11,1,4613,AGP,HHN,AGP-HHN,148.0,6249.0,184,71,920,68173.38513862733
534,01/11/2016,2016,11,1,2336,STN,POZ,STN-POZ,93.0,4170.0,167,24,310,64209.94528815235
535,01/11/2016,2016,11,1,2337,POZ,STN,POZ-STN,120.0,4998.0,181,23,300,66419.0718855228
536,01/11/2016,2016,11,1,793,TSF,STN,TSF-STN,116.0,4960.0,178,32,420,66092.24257402265
537,01/11/2016,2016,11,1,792,STN,TSF,STN-TSF,95.0,4250.0,183,31,400,65655.05684945382
538,01/11/2016,2016,11,1,1393,OSL,STN,OSL-STN,131.0,5330.0,139,37,480,63537.70653116517
539,01/11/2016,2016,11,1,1392,STN,OSL,STN-OSL,97.0,4150.0,121,22,286,60592.84452844784
540,01/11/2016,2016,11,1,1502,OSL,VNO,OSL-VNO,88.0,3592.0,154,37,496,63068.376392805716
541,01/11/2016,2016,11,1,1501,VNO,OSL,VNO-OSL,111.0,4890.0,157,33,432,64184.913949095724
542,01/11/2016,2016,11,1,2368,STN,OSR,STN-OSR,109.0,4753.0,168,59,660,65151.26598783375
543,01/11/2016,2016,11,1,2861,LUX,STN,LUX-STN,61.0,2662.0,136,17,220,60348.52546649838
544,01/11/2016,2016,11,1,2860,STN,LUX,STN-LUX,48.0,2368.0,180,23,300,63481.07761964243
545,01/11/2016,2016,11,1,2369,OSR,STN,OSR-STN,132.0,5597.0,167,45,530,65898.4148036908
546,01/11/2016,2016,11,1,287,PLQ,STN,PLQ-STN,146.0,6380.0,181,14,185,67376.61453682788
547,01/11/2016,2016,11,1,286,STN,PLQ,STN-PLQ,107.0,5060.0,176,14,180,65417.53335747511
548,01/11/2016,2016,11,1,8076,RAK,CRL,RAK-CRL,186.0,8195.0,188,106,1380,70303.35689572229
549,01/11/2016,2016,11,1,8075,CRL,RAK,CRL-RAK,197.0,8500.0,179,143,1160,69862.6692711095
550,01/11/2016,2016,11,1,8081,CRL,FEZ,CRL-FEZ,170.0,7202.0,170,122,930,67908.09347522334
551,01/11/2016,2016,11,1,8082,FEZ,CRL,FEZ-CRL,165.0,6810.0,183,62,800,68688.93769525722
552,01/11/2016,2016,11,1,7329,LIS,DUB,LIS-DUB,134.0,5932.0,189,71,920,68026.73880877484
553,01/11/2016,2016,11,1,8519,BGY,CGN,BGY-CGN,64.0,2734.0,170,22,280,63285.48038116508
554,01/11/2016,2016,11,1,8518,CGN,BGY,CGN-BGY,68.0,3130.0,183,25,335,64542.20588867962
555,01/11/2016,2016,11,1,327,SXF,OTP,SXF-OTP,101.0,3920.0,122,31,400,60906.509479415814
556,01/11/2016,2016,11,1,328,OTP,SXF,OTP-SXF,124.0,5090.0,162,29,383,65077.88104779269
557,01/11/2016,2016,11,1,9242,PSA,GRO,PSA-GRO,67.0,3071.0,182,14,180,64321.21142557004
558,01/11/2016,2016,11,1,9241,GRO,PSA,GRO-PSA,62.0,3080.0,180,19,250,64004.33730468716
559,01/11/2016,2016,11,1,9124,EIN,GRO,EIN-GRO,97.0,4120.0,175,16,204,64954.50376240952
560,01/11/2016,2016,11,1,9123,GRO,EIN,GRO-EIN,107.0,4600.0,177,39,510,65711.28375620143
561,01/11/2016,2016,11,1,137,BLQ,SXF,BLQ-SXF,85.0,3540.0,172,21,270,64275.62218273104
562,01/11/2016,2016,11,1,135,CIA,SXF,CIA-SXF,114.0,4780.0,176,19,250,65740.19447685144
563,01/11/2016,2016,11,1,136,SXF,BLQ,SXF-BLQ,80.0,3270.0,178,25,330,64606.29984467972
564,01/11/2016,2016,11,1,134,SXF,CIA,SXF-CIA,98.0,3880.0,173,28,360,64930.89961210096
565,01/11/2016,2016,11,1,8559,SXF,DUB,SXF-DUB,128.0,5420.0,135,22,290,62969.64561149587
566,01/11/2016,2016,11,1,558,DUB,MAN,DUB-MAN,33.0,1610.0,186,58,754,63668.17346497983
567,01/11/2016,2016,11,1,8558,DUB,SXF,DUB-SXF,103.0,4780.0,170,52,676,65087.01836750668
568,01/11/2016,2016,11,1,559,MAN,DUB,MAN-DUB,38.0,1641.0,94,9,100,55925.646340612264
569,01/11/2016,2016,11,1,5891,EIN,KRK,EIN-KRK,82.0,3740.0,178,22,290,64659.94266633812
570,01/11/2016,2016,11,1,4854,EIN,TSF,EIN-TSF,70.0,2980.0,178,16,210,64132.506698563826
571,01/11/2016,2016,11,1,5892,KRK,EIN,KRK-EIN,102.0,4370.0,185,18,230,65987.02772240313
572,01/11/2016,2016,11,1,4853,TSF,EIN,TSF-EIN,85.0,3683.0,180,17,220,64897.47658583462
573,01/11/2016,2016,11,1,4709,AHO,BGY,AHO-BGY,73.0,3140.0,172,15,195,63751.39838742274
574,01/11/2016,2016,11,1,8263,BGY,BRS,BGY-BRS,110.0,4790.0,175,41,540,65686.0730611361
575,01/11/2016,2016,11,1,8262,BRS,BGY,BRS-BGY,97.0,4172.0,172,38,493,64894.92628303287
576,01/11/2016,2016,11,1,4708,BGY,AHO,BGY-AHO,54.0,2450.0,163,13,170,62245.882468188065
577,01/11/2016,2016,11,1,5709,RAK,HHN,RAK-HHN,196.0,8376.0,176,83,1080,69526.363363049
578,01/11/2016,2016,11,1,4322,KRK,BLQ,KRK-BLQ,77.0,3280.0,164,24,310,63329.982629149905
579,01/11/2016,2016,11,1,8507,TRF,KRK,TRF-KRK,94.0,3691.0,126,22,290,60885.13904419328
580,01/11/2016,2016,11,1,8508,KRK,TRF,KRK-TRF,111.0,4200.0,105,31,400,59913.51121485018
581,01/11/2016,2016,11,1,4321,BLQ,KRK,BLQ-KRK,87.0,4020.0,165,32,416,63876.528708331454
582,01/11/2016,2016,11,1,3452,LTN,MJV,LTN-MJV,135.0,5800.0,146,14,180,64075.88569777117
583,01/11/2016,2016,11,1,3453,MJV,LTN,MJV-LTN,130.0,5780.0,178,47,610,66769.6865374353
584,01/11/2016,2016,11,1,813,EDI,DUB,EDI-DUB,37.0,1750.0,174,23,300,62554.22441619463
585,01/11/2016,2016,11,1,173,NCL,DUB,NCL-DUB,47.0,2190.0,155,25,320,61410.58080955209
586,01/11/2016,2016,11,1,670,DUB,BHX,DUB-BHX,42.0,1940.0,167,69,897,62563.87920030765
587,01/11/2016,2016,11,1,671,BHX,DUB,BHX-DUB,41.0,2072.0,138,20,260,59744.314864303386
588,01/11/2016,2016,11,1,812,DUB,EDI,DUB-EDI,41.0,1910.0,184,47,611,63730.17210605694
589,01/11/2016,2016,11,1,172,DUB,NCL,DUB-NCL,48.0,2100.0,174,50,650,63215.447596439626
590,01/11/2016,2016,11,1,6313,FAO,CRL,FAO-CRL,139.0,6245.0,181,102,1350,67847.3600165531
591,01/11/2016,2016,11,1,6312,CRL,FAO,CRL-FAO,154.0,6750.0,177,85,590,67627.1732482375
592,01/11/2016,2016,11,1,5994,STN,MAD,STN-MAD,130.0,5754.0,165,21,270,65488.54760213163
593,01/11/2016,2016,11,1,5993,MAD,STN,MAD-STN,118.0,5260.0,178,23,300,66094.49063622509
594,01/11/2016,2016,11,1,535,EMA,DUB,EMA-DUB,42.0,2040.0,149,28,360,60747.44558999144
595,01/11/2016,2016,11,1,6571,EMA,TSF,EMA-TSF,109.0,4250.0,128,24,310,61656.53327639607
596,01/11/2016,2016,11,1,534,DUB,EMA,DUB-EMA,40.0,1910.0,176,60,780,63145.09730695092
597,01/11/2016,2016,11,1,6572,TSF,EMA,TSF-EMA,123.0,5324.0,177,31,400,66275.33757304057
598,01/11/2016,2016,11,1,8249,FAO,BRS,FAO-BRS,131.0,5682.0,179,82,1080,67193.04786590276
599,01/11/2016,2016,11,1,8248,BRS,FAO,BRS-FAO,147.0,5810.0,111,50,650,61992.72555892773
600,01/11/2016,2016,11,1,1006,OTP,STN,OTP-STN,192.0,8080.0,174,57,740,68985.76120064745
601,01/11/2016,2016,11,1,1005,STN,OTP,STN-OTP,163.0,6562.0,162,56,730,66847.93974396751
602,01/11/2016,2016,11,1,2829,REU,CRL,REU-CRL,104.0,4440.0,172,24,310,65055.0514756297
603,01/11/2016,2016,11,1,2828,CRL,REU,CRL-REU,94.0,4350.0,177,64,310,65067.08554854999
604,01/11/2016,2016,11,1,6902,CRL,GRO,CRL-GRO,86.0,3827.0,177,63,300,64743.300398072446
605,01/11/2016,2016,11,1,6901,GRO,CRL,GRO-CRL,94.0,4100.0,173,31,400,64797.91658905617
606,01/11/2016,2016,11,1,3795,NYO,BRE,NYO-BRE,83.0,3530.0,149,28,370,62380.34406334437
607,01/11/2016,2016,11,1,7965,STN,OSI,STN-OSI,118.0,4840.0,140,34,440,63078.044858396104
608,01/11/2016,2016,11,1,7966,OSI,STN,OSI-STN,148.0,6180.0,175,42,550,67199.96123240946
609,01/11/2016,2016,11,1,4731,BGY,SXF,BGY-SXF,81.0,3670.0,171,23,300,64054.46779878381
610,01/11/2016,2016,11,1,151,GLA,SXF,GLA-SXF,106.0,4466.0,163,27,350,64424.365913010064
611,01/11/2016,2016,11,1,150,SXF,GLA,SXF-GLA,128.0,4910.0,111,21,280,61001.292883273185
612,01/11/2016,2016,11,1,4732,SXF,BGY,SXF-BGY,82.0,3450.0,169,5,60,63776.4595891682
613,01/11/2016,2016,11,1,556,DUB,MAN,DUB-MAN,39.0,1870.0,173,46,598,62743.26308058406
614,01/11/2016,2016,11,1,557,MAN,DUB,MAN-DUB,32.0,1880.0,150,18,230,60348.975114914
615,01/11/2016,2016,11,1,5776,DUB,GLA,DUB-GLA,46.0,2150.0,183,61,793,63963.69867131479
616,01/11/2016,2016,11,1,5775,GLA,DUB,GLA-DUB,31.0,1734.0,166,10,130,61553.013820427965
617,01/11/2016,2016,11,1,1453,BRU,DUB,BRU-DUB,82.0,3840.0,183,22,290,65068.67774619035
618,01/11/2016,2016,11,1,8706,BRI,CRL,BRI-CRL,125.0,5492.0,183,40,520,66922.25200943358
619,01/11/2016,2016,11,1,8707,CRL,BRI,CRL-BRI,114.0,5107.0,178,78,460,66038.59975236424
620,01/11/2016,2016,11,1,4346,LPL,TFS,LPL-TFS,259.0,10800.0,174,105,1370,72048.39167780719
621,01/11/2016,2016,11,1,4347,TFS,LPL,TFS-LPL,228.0,9212.0,184,59,770,71250.62802010286
622,01/11/2016,2016,11,1,9205,HAM,OPO,HAM-OPO,168.0,7351.0,171,31,400,67570.0100084116
623,01/11/2016,2016,11,1,9204,OPO,HAM,OPO-HAM,157.0,6780.0,180,32,410,67875.78638945248
624,01/11/2016,2016,11,1,9863,AGP,LPL,AGP-LPL,151.0,6510.0,186,79,1030,68526.55726689976
625,01/11/2016,2016,11,1,9862,LPL,AGP,LPL-AGP,156.0,5980.0,82,18,230,59709.27051487971
626,01/11/2016,2016,11,1,4006,ALC,MAN,ALC-MAN,147.0,6213.0,187,61,790,68295.43960172952
627,01/11/2016,2016,11,1,4007,MAN,ALC,MAN-ALC,143.0,6100.0,168,82,750,66557.8685157903
628,01/11/2016,2016,11,1,1573,SDR,SXF,SDR-SXF,132.0,5170.0,166,30,263,65645.13777803606
629,01/11/2016,2016,11,1,1572,SXF,SDR,SXF-SDR,151.0,5850.0,153,24,310,65366.35290477133
630,01/11/2016,2016,11,1,6691,BRE,TFS,BRE-TFS,291.0,12430.0,179,99,1280,73668.75087545364
631,01/11/2016,2016,11,1,6692,TFS,BRE,TFS-BRE,262.0,9566.0,86,23,300,64286.259666763974
632,01/11/2016,2016,11,1,7542,MAN,BCN,MAN-BCN,119.0,4907.0,180,30,393,66357.40117672674
633,01/11/2016,2016,11,1,7543,BCN,MAN,BCN-MAN,123.0,5338.0,181,37,480,66653.72039637832
634,01/11/2016,2016,11,1,2938,BRU,BCN,BRU-BCN,99.0,4320.0,184,20,250,65799.1190942171
635,01/11/2016,2016,11,1,2939,BCN,BRU,BCN-BRU,101.0,4616.0,188,43,560,66404.60205237716
636,01/11/2016,2016,11,1,1902,KRK,DUB,KRK-DUB,169.0,7551.0,180,28,360,68319.70587311083
637,01/11/2016,2016,11,1,1901,DUB,KRK,DUB-KRK,131.0,5770.0,184,62,806,67425.75589461828
638,01/11/2016,2016,11,1,5774,DUB,GLA,DUB-GLA,40.0,1830.0,177,65,845,63268.602564979345
639,01/11/2016,2016,11,1,5773,GLA,DUB,GLA-DUB,38.0,1910.0,179,29,380,63054.02435619602
640,01/11/2016,2016,11,1,8024,CCF,CRL,CCF-CRL,80.0,3490.0,123,32,420,60168.033070693185
641,01/11/2016,2016,11,1,4523,BGY,CRL,BGY-CRL,68.0,2880.0,130,10,130,60077.9149711401
642,01/11/2016,2016,11,1,4522,CRL,BGY,CRL-BGY,67.0,2770.0,175,46,100,63697.587554320955
643,01/11/2016,2016,11,1,8023,CRL,CCF,CRL-CCF,79.0,3660.0,181,81,470,64901.81162094581
644,01/11/2016,2016,11,1,8592,STN,EGC,STN-EGC,83.0,3760.0,177,43,550,64784.898719292774
645,01/11/2016,2016,11,1,8593,EGC,STN,EGC-STN,85.0,3543.0,162,28,370,63522.39547234654
646,01/11/2016,2016,11,1,2613,SDR,STN,SDR-STN,91.0,4040.0,180,13,170,65103.3754653338
647,01/11/2016,2016,11,1,2612,STN,SDR,STN-SDR,97.0,4530.0,159,9,120,63592.58700945362
648,01/11/2016,2016,11,1,4282,DUB,BTS,DUB-BTS,132.0,6100.0,186,100,1300,67946.28266689298
649,01/11/2016,2016,11,1,552,DUB,MAN,DUB-MAN,34.0,1500.0,180,50,650,63150.54828255759
650,01/11/2016,2016,11,1,4283,BTS,DUB,BTS-DUB,164.0,7343.0,173,54,700,67767.5539855396
651,01/11/2016,2016,11,1,553,MAN,DUB,MAN-DUB,31.0,1700.0,173,14,190,62163.789001813064
652,01/11/2016,2016,11,1,2015,MAD,ACE,MAD-ACE,146.0,5986.0,165,43,560,66309.57521625061
653,01/11/2016,2016,11,1,2016,ACE,MAD,ACE-MAD,126.0,5310.0,175,33,430,66250.12687797524
654,01/11/2016,2016,11,1,8869,TUF,STN,TUF-STN,69.0,2695.0,100,18,243,57737.76969045149
655,01/11/2016,2016,11,1,4214,STN,PMF,STN-PMF,95.0,4140.0,173,32,420,64850.435379613366
656,01/11/2016,2016,11,1,8868,STN,TUF,STN-TUF,56.0,2590.0,171,29,380,63114.11004090994
657,01/11/2016,2016,11,1,4215,PMF,STN,PMF-STN,114.0,4950.0,176,44,570,65945.77351467533
658,01/11/2016,2016,11,1,1948,DUB,HHN,DUB-HHN,87.0,3830.0,169,72,936,64537.582708677044
659,01/11/2016,2016,11,1,1949,HHN,DUB,HHN-DUB,104.0,4381.0,173,43,560,65297.40711490005
660,01/11/2016,2016,11,1,5772,DUB,GLA,DUB-GLA,38.0,1630.0,176,46,598,62948.8340278022
661,01/11/2016,2016,11,1,5771,GLA,DUB,GLA-DUB,40.0,1870.0,182,20,260,63301.513466309785
662,01/11/2016,2016,11,1,188,CGN,SXF,CGN-SXF,51.0,2490.0,148,13,170,60900.66692655181
663,01/11/2016,2016,11,1,180,CGN,SXF,CGN-SXF,51.0,2360.0,140,3,40,60163.17431467229
664,01/11/2016,2016,11,1,181,SXF,CGN,SXF-CGN,58.0,2579.0,170,5,70,62912.548533434
665,01/11/2016,2016,11,1,189,SXF,CGN,SXF-CGN,55.0,2510.0,179,17,220,63625.626549068365
666,01/11/2016,2016,11,1,6302,BCN,FUE,BCN-FUE,178.0,7050.0,181,63,820,69054.00366219183
667,01/11/2016,2016,11,1,6303,FUE,BCN,FUE-BCN,158.0,6270.0,181,52,680,68170.66081928002
668,01/11/2016,2016,11,1,4068,SXF,TFS,SXF-TFS,313.0,12980.0,179,95,1240,74515.79571097592
669,01/11/2016,2016,11,1,4067,TFS,SXF,TFS-SXF,278.0,11160.0,158,81,1050,71288.59229762686
670,01/11/2016,2016,11,1,4952,STN,PEG,STN-PEG,113.0,4810.0,95,18,230,59066.16739268818
671,01/11/2016,2016,11,1,4953,PEG,STN,PEG-STN,136.0,5960.0,180,55,720,67241.8689677873
672,01/11/2016,2016,11,1,3951,RBA,CIA,RBA-CIA,155.0,6385.0,173,39,510,67288.46052559293
673,01/11/2016,2016,11,1,3950,CIA,RBA,CIA-RBA,161.0,6990.0,167,76,990,67344.36759066525
674,01/11/2016,2016,11,1,2929,OPO,BRU,OPO-BRU,122.0,5010.0,179,28,370,66379.88846949227
675,01/11/2016,2016,11,1,2093,OPO,LIS,OPO-LIS,47.0,1840.0,134,31,400,59745.288233628715
676,01/11/2016,2016,11,1,2094,LIS,OPO,LIS-OPO,37.0,1540.0,142,5,90,59803.40866156846
677,01/11/2016,2016,11,1,2928,BRU,OPO,BRU-OPO,131.0,5506.0,181,21,298,66854.15812416153
678,01/11/2016,2016,11,1,5279,TFN,MAD,TFN-MAD,145.0,5820.0,174,22,290,66832.17094612753
679,01/11/2016,2016,11,1,5278,MAD,TFN,MAD-TFN,163.0,6300.0,156,46,600,66273.94116402889
680,01/11/2016,2016,11,1,2705,CTA,PEG,CTA-PEG,65.0,3130.0,149,21,280,61608.46314647892
681,01/11/2016,2016,11,1,2706,PEG,CTA,PEG-CTA,62.0,2630.0,156,9,120,61958.89243728052
682,01/11/2016,2016,11,1,4857,CTA,FCO,CTA-FCO,58.0,2740.0,175,31,400,63533.2869960421
683,01/11/2016,2016,11,1,4858,FCO,CTA,FCO-CTA,51.0,2540.0,171,22,290,62857.94043305601
684,01/11/2016,2016,11,1,5215,BRI,HHN,BRI-HHN,113.0,4900.0,182,52,670,66460.82895912476
685,01/11/2016,2016,11,1,5214,HHN,BRI,HHN-BRI,101.0,4490.0,176,27,350,65288.72661715989
686,01/11/2016,2016,11,1,1857,VNO,HHN,VNO-HHN,129.0,5500.0,172,24,27,65864.99503138404
687,01/11/2016,2016,11,1,1856,HHN,VNO,HHN-VNO,110.0,4750.0,172,38,490,65408.71028856479
688,01/11/2016,2016,11,1,9053,CRL,ALC,CRL-ALC,125.0,5415.0,186,32,464,67131.51672572574
689,01/11/2016,2016,11,1,9052,ALC,CRL,ALC-CRL,129.0,5580.0,172,44,570,66213.83696119144
690,01/11/2016,2016,11,1,4566,CRL,FSC,CRL-FSC,94.0,4150.0,179,147,1340,65892.28710848649
691,01/11/2016,2016,11,1,1535,BVA,FSC,BVA-FSC,96.0,3730.0,85,34,440,57709.21676477135
692,01/11/2016,2016,11,1,1536,FSC,BVA,FSC-BVA,105.0,4330.0,180,54,700,65999.24715643431
693,01/11/2016,2016,11,1,4567,FSC,CRL,FSC-CRL,110.0,4420.0,184,41,530,66415.37185993812
694,01/11/2016,2016,11,1,707,STN,PIK,STN-PIK,59.0,1990.0,168,13,166,62850.398313533464
695,01/11/2016,2016,11,1,1990,PIK,CGN,PIK-CGN,86.0,3500.0,187,23,300,65560.77055777691
696,01/11/2016,2016,11,1,5945,AGP,BOH,AGP-BOH,128.0,5605.0,177,60,780,66717.8131839224
697,01/11/2016,2016,11,1,5944,BOH,AGP,BOH-AGP,141.0,5633.0,133,45,590,63514.59323652639
698,01/11/2016,2016,11,1,8073,CRL,TNG,CRL-TNG,156.0,6740.0,172,103,660,67342.74878429563
699,01/11/2016,2016,11,1,8074,TNG,CRL,TNG-CRL,149.0,6280.0,176,40,523,67304.0326177567
700,01/11/2016,2016,11,1,3512,ACE,LTN,ACE-LTN,227.0,9330.0,172,84,1090,70435.57276558821
701,01/11/2016,2016,11,1,3511,LTN,ACE,LTN-ACE,234.0,9910.0,161,62,810,69634.16463666977
702,01/11/2016,2016,11,1,3441,MAN,PMI,MAN-PMI,133.0,4436.0,18,6,80,53468.68400284781
703,01/11/2016,2016,11,1,3442,PMI,MAN,PMI-MAN,153.0,6272.0,187,65,850,68572.00627548066
704,01/11/2016,2016,11,1,4816,CUF,CAG,CUF-CAG,54.0,2480.0,182,20,260,63856.8948760145
705,01/11/2016,2016,11,1,4707,CAG,BGY,CAG-BGY,73.0,2970.0,183,20,260,64692.373805155614
706,01/11/2016,2016,11,1,4815,CAG,CUF,CAG-CUF,99.0,4130.0,187,14,180,65999.38972760446
707,01/11/2016,2016,11,1,4706,BGY,CAG,BGY-CAG,68.0,2690.0,176,19,250,63915.36984496454
708,01/11/2016,2016,11,1,8155,PMF,TPS,PMF-TPS,73.0,3298.0,178,17,230,64264.3656905074
709,01/11/2016,2016,11,1,9091,BGY,TPS,BGY-TPS,79.0,3590.0,179,10,130,64519.889861317046
710,01/11/2016,2016,11,1,9092,TPS,BGY,TPS-BGY,86.0,3670.0,179,32,420,64983.88656919729
711,01/11/2016,2016,11,1,8154,TPS,PMF,TPS-PMF,77.0,3230.0,173,11,130,63950.06756410799
712,01/11/2016,2016,11,1,8542,STN,SXF,STN-SXF,79.0,3480.0,153,41,530,62651.44124336532
713,01/11/2016,2016,11,1,8543,SXF,STN,SXF-STN,100.0,4544.0,159,22,290,63820.81117537714
714,01/11/2016,2016,11,1,338,LTN,DUB,LTN-DUB,49.0,2600.0,179,54,700,63695.97450164503
715,01/11/2016,2016,11,1,3472,LTN,RZE,LTN-RZE,115.0,5251.0,171,26,340,65428.948602080374
716,01/11/2016,2016,11,1,337,DUB,LTN,DUB-LTN,48.0,2380.0,183,81,1053,64210.07184093309
717,01/11/2016,2016,11,1,3473,RZE,LTN,RZE-LTN,162.0,6911.0,181,33,430,68168.73259875289
718,01/11/2016,2016,11,1,1001,WMI,ALC,WMI-ALC,191.0,7517.0,173,26,340,68607.37028670397
719,01/11/2016,2016,11,1,1002,ALC,WMI,ALC-WMI,202.0,8390.0,183,32,420,69912.60631348952
720,01/11/2016,2016,11,1,5316,SCQ,MAD,SCQ-MAD,59.0,2500.0,171,26,340,63207.42296326153
721,01/11/2016,2016,11,1,5315,MAD,SCQ,MAD-SCQ,48.0,2290.0,159,9,120,61648.752075487144
722,01/11/2016,2016,11,1,723,PMI,SCQ,PMI-SCQ,89.0,3837.0,176,17,220,64729.168924725614
723,01/11/2016,2016,11,1,724,SCQ,PMI,SCQ-PMI,96.0,3990.0,177,17,220,65088.60664554841
724,01/11/2016,2016,11,1,5706,KIR,HHN,KIR-HHN,95.0,3950.0,172,60,780,64999.96478119478
725,01/11/2016,2016,11,1,5705,HHN,KIR,HHN-KIR,113.0,4880.0,132,43,560,62302.81036635053
726,01/11/2016,2016,11,1,8092,HHN,TSF,HHN-TSF,59.0,2510.0,124,20,260,59313.91845319463
727,01/11/2016,2016,11,1,8093,TSF,HHN,TSF-HHN,66.0,2870.0,164,20,260,62861.4897968648
728,01/11/2016,2016,11,1,5158,AGP,NCL,AGP-NCL,169.0,6910.0,172,48,620,67832.76271357917
729,01/11/2016,2016,11,1,5159,NCL,AGP,NCL-AGP,174.0,6820.0,129,43,550,64471.021115792006
730,01/11/2016,2016,11,1,6355,BCN,BVA,BCN-BVA,88.0,4320.0,186,17,220,65506.96898373687
731,01/11/2016,2016,11,1,6882,MAH,BCN,MAH-BCN,37.0,1790.0,182,18,230,63163.23012943422
732,01/11/2016,2016,11,1,6356,BVA,BCN,BVA-BCN,88.0,3920.0,176,22,290,64734.46923855639
733,01/11/2016,2016,11,1,6881,BCN,MAH,BCN-MAH,33.0,1720.0,164,13,170,61494.55736960145
734,01/11/2016,2016,11,1,2053,MAD,PMI,MAD-PMI,61.0,2740.0,165,12,160,62680.64286004932
735,01/11/2016,2016,11,1,111,PMI,SXF,PMI-SXF,141.0,6180.0,180,92,1200,67748.58802798908
736,01/11/2016,2016,11,1,110,SXF,PMI,SXF-PMI,138.0,5780.0,163,59,770,65963.6316223361
737,01/11/2016,2016,11,1,2054,PMI,MAD,PMI-MAD,59.0,2740.0,186,22,290,64401.50647815823
738,01/11/2016,2016,11,1,4016,PSR,BGY,PSR-BGY,47.0,2400.0,178,23,303,63279.84079048794
739,01/11/2016,2016,11,1,6727,PSR,HHN,PSR-HHN,89.0,3900.0,167,57,603,64239.49819188706
740,01/11/2016,2016,11,1,6726,HHN,PSR,HHN-PSR,83.0,3520.0,157,20,260,62963.65239685597
741,01/11/2016,2016,11,1,4015,BGY,PSR,BGY-PSR,49.0,2400.0,173,9,120,62832.880399766575
742,01/11/2016,2016,11,1,4541,STN,VRN,STN-VRN,93.0,4240.0,170,26,340,64474.459370859666
743,01/11/2016,2016,11,1,4542,VRN,STN,VRN-STN,115.0,4930.0,177,45,643,66114.08834934252
744,01/11/2016,2016,11,1,373,BIQ,STN,BIQ-STN,91.0,3743.0,165,36,470,64069.900573737
745,01/11/2016,2016,11,1,372,STN,BIQ,STN-BIQ,99.0,4200.0,163,30,390,64172.37258788569
746,01/11/2016,2016,11,1,5445,BVA,MAD,BVA-MAD,103.0,4570.0,176,19,250,65303.82336922631
747,01/11/2016,2016,11,1,5352,MAD,RBA,MAD-RBA,80.0,3570.0,165,55,720,63794.13808941179
748,01/11/2016,2016,11,1,8098,RBA,BVA,RBA-BVA,152.0,6280.0,189,54,700,68599.46503274841
749,01/11/2016,2016,11,1,3968,BLQ,CAG,BLQ-CAG,62.0,2750.0,181,13,169,64034.047126708436
750,01/11/2016,2016,11,1,4798,BLQ,PMO,BLQ-PMO,70.0,3300.0,172,9,120,63584.205498353185
751,01/11/2016,2016,11,1,3969,CAG,BLQ,CAG-BLQ,66.0,2821.0,182,27,350,64390.75518872078
752,01/11/2016,2016,11,1,4799,PMO,BLQ,PMO-BLQ,71.0,3300.0,170,16,210,63518.200671493454
753,01/11/2016,2016,11,1,3631,BRE,STN,BRE-STN,75.0,3438.0,163,32,420,63239.56320604504
754,01/11/2016,2016,11,1,3632,STN,BRE,STN-BRE,54.0,2860.0,131,19,250,59681.37271658979
755,01/11/2016,2016,11,1,662,DUB,BHX,DUB-BHX,43.0,2020.0,169,29,377,62432.97739647793
756,01/11/2016,2016,11,1,663,BHX,DUB,BHX-DUB,39.0,2130.0,155,15,200,61016.12786482259
757,01/11/2016,2016,11,1,8011,DUB,WMI,DUB-WMI,134.0,5440.0,184,69,897,67603.22773557903
758,01/11/2016,2016,11,1,8012,WMI,DUB,WMI-DUB,176.0,7260.0,176,42,540,68386.04672285733
759,01/11/2016,2016,11,1,1121,BHX,TFS,BHX-TFS,253.0,10960.0,179,65,850,71885.04021703644
760,01/11/2016,2016,11,1,1122,TFS,BHX,TFS-BHX,226.0,9859.0,186,76,990,71476.11743916129
761,01/11/2016,2016,11,1,7116,DUB,ACE,DUB-ACE,241.0,10110.0,185,110,1430,72272.09311059659
762,01/11/2016,2016,11,1,7115,ACE,DUB,ACE-DUB,188.0,9134.0,167,56,733,68250.35464462917
763,01/11/2016,2016,11,1,3172,EMA,ACE,EMA-ACE,235.0,9780.0,137,58,750,67673.3602844803
764,01/11/2016,2016,11,1,3173,ACE,EMA,ACE-EMA,218.0,9582.0,175,97,1260,70432.99677110474
765,01/11/2016,2016,11,1,2163,PMI,BHX,PMI-BHX,140.0,5830.0,182,67,870,67660.40857648091
766,01/11/2016,2016,11,1,2162,BHX,PMI,BHX-PMI,120.0,4190.0,57,12,150,56186.076731207635
767,01/11/2016,2016,11,1,2152,BHX,ALC,BHX-ALC,135.0,5590.0,157,43,570,65225.65232579392
768,01/11/2016,2016,11,1,2153,ALC,BHX,ALC-BHX,139.0,5905.0,185,39,510,67634.70310614718
769,01/11/2016,2016,11,1,4136,WMI,BRS,WMI-BRS,155.0,6150.0,181,24,310,67813.94975471657
770,01/11/2016,2016,11,1,4135,BRS,WMI,BRS-WMI,113.0,4660.0,171,26,340,65349.608400693985
771,01/11/2016,2016,11,1,449,LPL,DUB,LPL-DUB,29.0,1494.0,122,6,80,57844.68319168201
772,01/11/2016,2016,11,1,447,LPL,DUB,LPL-DUB,32.0,3450.0,152,29,380,60608.83432083484
773,01/11/2016,2016,11,1,446,DUB,LPL,DUB-LPL,29.0,1524.0,179,17,221,62594.84636553854
774,01/11/2016,2016,11,1,448,DUB,LPL,DUB-LPL,27.0,1537.0,175,58,754,62530.93568514577
775,01/11/2016,2016,11,1,3033,STN,AGA,STN-AGA,216.0,9546.0,173,70,910,69965.31046515758
776,01/11/2016,2016,11,1,3034,AGA,STN,AGA-STN,202.0,8100.0,127,60,780,65566.04983669645
777,01/11/2016,2016,11,1,8245,PMI,BRS,PMI-BRS,127.0,5182.0,181,58,750,66985.85811231499
778,01/11/2016,2016,11,1,8244,BRS,PMI,BRS-PMI,122.0,4040.0,39,12,160,54800.394990058005
779,01/11/2016,2016,11,1,7149,VNO,DUB,VNO-DUB,189.0,7700.0,179,16,55,68835.41835057836
780,01/11/2016,2016,11,1,7148,DUB,VNO,DUB-VNO,154.0,6016.0,174,81,1053,67679.37937067759
781,01/11/2016,2016,11,1,9631,CIA,BVA,CIA-BVA,104.0,4510.0,186,35,460,66295.87487319588
782,01/11/2016,2016,11,1,9632,BVA,CIA,BVA-CIA,93.0,3922.0,147,22,290,62562.15627887944
783,01/11/2016,2016,11,1,190,CGN,SXF,CGN-SXF,52.0,2490.0,136,14,180,59965.79718053165
784,01/11/2016,2016,11,1,3018,CGN,CIA,CGN-CIA,89.0,4040.0,168,25,330,64145.860591214005
785,01/11/2016,2016,11,1,3019,CIA,CGN,CIA-CGN,103.0,4300.0,174,32,420,65249.54320112935
786,01/11/2016,2016,11,1,191,SXF,CGN,SXF-CGN,55.0,2400.0,169,14,180,62782.45900963593
787,01/11/2016,2016,11,1,6416,PSA,SOF,PSA-SOF,94.0,4120.0,154,29,380,63231.87459575372
788,01/11/2016,2016,11,1,6415,SOF,PSA,SOF-PSA,100.0,3990.0,152,16,210,63197.187304128056
789,01/11/2016,2016,11,1,6307,CGN,SOF,CGN-SOF,118.0,5175.0,166,30,263,65089.75636833135
790,01/11/2016,2016,11,1,6306,SOF,CGN,SOF-CGN,150.0,6180.0,176,21,270,67181.1667916704
791,01/11/2016,2016,11,1,2917,BRU,BCN,BRU-BCN,99.0,4172.0,184,33,400,65895.48426819703
792,01/11/2016,2016,11,1,9366,BCN,BLQ,BCN-BLQ,81.0,3940.0,183,17,220,64984.037230973176
793,01/11/2016,2016,11,1,9367,BLQ,BCN,BLQ-BCN,77.0,3310.0,184,16,210,64900.67949923886
794,01/11/2016,2016,11,1,2918,BCN,BRU,BCN-BRU,108.0,4630.0,177,9,120,65500.404404546774
795,01/11/2016,2016,11,1,2936,TSF,BRU,TSF-BRU,80.0,3620.0,180,33,430,64834.037325940575
796,01/11/2016,2016,11,1,2934,ALC,BRU,ALC-BRU,126.0,5740.0,186,29,380,67117.22232899016
797,01/11/2016,2016,11,1,2933,BRU,ALC,BRU-ALC,121.0,5430.0,181,36,614,66660.46641708068
798,01/11/2016,2016,11,1,2935,BRU,TSF,BRU-TSF,69.0,3380.0,177,12,160,63978.967857240204
799,01/11/2016,2016,11,1,8975,ALC,STN,ALC-STN,142.0,6180.0,183,34,440,67545.2489617619
800,01/11/2016,2016,11,1,8976,STN,ALC,STN-ALC,137.0,5792.0,176,25,330,66704.00155225086
801,01/11/2016,2016,11,1,2327,PMI,LBA,PMI-LBA,143.0,5820.0,180,67,870,67615.9248466196
802,01/11/2016,2016,11,1,2326,LBA,PMI,LBA-PMI,140.0,4410.0,18,7,90,53752.79905263216
803,01/11/2016,2016,11,1,937,PGF,STN,PGF-STN,107.0,4699.0,173,39,510,65384.29569231965
804,01/11/2016,2016,11,1,936,STN,PGF,STN-PGF,101.0,4420.0,121,32,336,60783.64665588059
805,01/11/2016,2016,11,1,7124,DUB,ACE,DUB-ACE,235.0,9610.0,189,110,1430,72361.0605703192
806,01/11/2016,2016,11,1,7125,ACE,DUB,ACE-DUB,216.0,8850.0,168,76,990,69607.97014476133
807,01/11/2016,2016,11,1,7044,DUB,AGP,DUB-AGP,159.0,6700.0,179,71,923,68202.94846987983
808,01/11/2016,2016,11,1,7045,AGP,DUB,AGP-DUB,158.0,6939.0,188,65,850,68852.10379491707
809,01/11/2016,2016,11,1,1646,EMA,WRO,EMA-WRO,103.0,4220.0,167,59,770,64902.166161956105
810,01/11/2016,2016,11,1,1647,WRO,EMA,WRO-EMA,128.0,5297.0,173,36,470,66191.67042714873
811,01/11/2016,2016,11,1,5157,AGP,FKB,AGP-FKB,144.0,6254.0,177,83,1080,67545.26514297338
812,01/11/2016,2016,11,1,5156,FKB,AGP,FKB-AGP,142.0,6040.0,163,66,860,66180.13112949685
813,01/11/2016,2016,11,1,2905,MLA,BRU,MLA-BRU,161.0,6790.0,169,43,560,67231.6147905303
814,01/11/2016,2016,11,1,2906,BRU,MLA,BRU-MLA,145.0,6408.0,177,46,630,67295.83972172675
815,01/11/2016,2016,11,1,2609,GLA,AGP,GLA-AGP,176.0,7081.0,163,34,450,67265.51641085357
816,01/11/2016,2016,11,1,2608,AGP,GLA,AGP-GLA,175.0,7490.0,183,43,560,68931.45442382124
817,01/11/2016,2016,11,1,5444,MAD,BVA,MAD-BVA,91.0,4400.0,186,37,480,65793.01225404836
818,01/11/2016,2016,11,1,8097,BVA,RBA,BVA-RBA,160.0,6916.0,162,70,910,66844.56765066386
819,01/11/2016,2016,11,1,5353,RBA,MAD,RBA-MAD,68.0,3242.0,172,22,296,63617.93376776994
820,01/11/2016,2016,11,1,6316,CRL,MRS,CRL-MRS,78.0,3280.0,177,78,440,64515.880421574846
821,01/11/2016,2016,11,1,6006,LIL,MRS,LIL-MRS,74.0,3160.0,180,71,330,64531.77327246145
822,01/11/2016,2016,11,1,6005,MRS,LIL,MRS-LIL,74.0,3550.0,184,34,440,64929.42913059519
823,01/11/2016,2016,11,1,6315,MRS,CRL,MRS-CRL,82.0,3741.0,180,27,350,64861.98276787099
824,01/11/2016,2016,11,1,7724,SVQ,LPA,SVQ-LPA,126.0,5270.0,176,25,330,66267.63044462573
825,01/11/2016,2016,11,1,6396,BCN,SVQ,BCN-SVQ,78.0,3470.0,185,22,290,65073.49137535846
826,01/11/2016,2016,11,1,7723,LPA,SVQ,LPA-SVQ,107.0,4743.0,180,29,380,65873.00831999682
827,01/11/2016,2016,11,1,6397,SVQ,BCN,SVQ-BCN,73.0,3490.0,182,24,310,64642.74851384515
828,01/11/2016,2016,11,1,9084,ALC,EMA,ALC-EMA,136.0,3769.0,170,43,560,66321.60928917091
829,01/11/2016,2016,11,1,9085,EMA,ALC,EMA-ALC,140.0,4800.0,42,10,130,55740.42481565083
830,01/11/2016,2016,11,1,121,LGW,DUB,LGW-DUB,57.0,2450.0,140,12,160,60478.28705801541
831,01/11/2016,2016,11,1,120,DUB,LGW,DUB-LGW,58.0,2660.0,176,54,702,63809.04922895884
832,01/11/2016,2016,11,1,3103,AMS,DUB,AMS-DUB,14.0,3320.0,172,19,240,61439.77199871831
833,01/11/2016,2016,11,1,3102,DUB,AMS,DUB-AMS,66.0,2800.0,174,67,871,64071.487431914225
834,01/11/2016,2016,11,1,9252,IBZ,STN,IBZ-STN,133.0,5628.0,178,40,520,66830.87773512691
835,01/11/2016,2016,11,1,9251,STN,IBZ,STN-IBZ,139.0,5260.0,79,15,200,58770.36472038809
836,01/11/2016,2016,11,1,7544,MAN,BCN,MAN-BCN,114.0,5156.0,175,24,310,65696.99353047297
837,01/11/2016,2016,11,1,7545,BCN,MAN,BCN-MAN,131.0,5590.0,173,30,390,66259.28596977235
838,01/11/2016,2016,11,1,4126,HHN,GRO,HHN-GRO,93.0,3850.0,159,22,290,63543.12047052478
839,01/11/2016,2016,11,1,2909,NQY,HHN,NQY-HHN,72.0,2912.0,70,7,100,55312.50138089016
840,01/11/2016,2016,11,1,2910,HHN,NQY,HHN-NQY,89.0,3233.0,47,22,290,54228.774279062134
841,01/11/2016,2016,11,1,4125,GRO,HHN,GRO-HHN,99.0,4260.0,187,40,520,66217.81745529233
842,01/11/2016,2016,11,1,6107,CRL,CIA,CRL-CIA,87.0,3900.0,178,48,180,64787.62537555213
843,01/11/2016,2016,11,1,7026,WMI,CIA,WMI-CIA,108.0,4340.0,183,21,270,66087.25167434939
844,01/11/2016,2016,11,1,6108,CIA,CRL,CIA-CRL,104.0,4476.0,177,26,340,65483.05959027792
845,01/11/2016,2016,11,1,7025,CIA,WMI,CIA-WMI,118.0,5060.0,178,35,460,66197.28015513702
846,01/11/2016,2016,11,1,5016,CRL,PSR,CRL-PSR,97.0,4063.0,180,79,480,65540.55076238484
847,01/11/2016,2016,11,1,5015,PSR,CRL,PSR-CRL,109.0,4690.0,172,41,530,65394.737567599586
848,01/11/2016,2016,11,1,8726,BRI,CAG,BRI-CAG,70.0,2919.0,184,15,200,64616.56444945451
849,01/11/2016,2016,11,1,8727,CAG,BRI,CAG-BRI,64.0,3000.0,184,26,340,64468.48467434329
850,01/11/2016,2016,11,1,6228,NRN,TFS,NRN-TFS,270.0,11270.0,175,96,1250,72489.41766221881
851,01/11/2016,2016,11,1,6229,TFS,NRN,TFS-NRN,250.0,10213.0,161,112,1460,70686.46866834062
852,01/11/2016,2016,11,1,4527,BGY,CRL,BGY-CRL,71.0,3130.0,182,28,370,64601.954382050746
853,01/11/2016,2016,11,1,4526,CRL,BGY,CRL-BGY,68.0,2960.0,176,64,280,63934.642879760526
854,01/11/2016,2016,11,1,3746,PSA,CRL,PSA-CRL,84.0,3610.0,181,29,380,65042.34302002381
855,01/11/2016,2016,11,1,3745,CRL,PSA,CRL-PSA,77.0,3600.0,169,64,400,63796.53681339011
856,01/11/2016,2016,11,1,589,PSA,STN,PSA-STN,123.0,4890.0,181,24,310,66544.50653253437
857,01/11/2016,2016,11,1,587,PSA,STN,PSA-STN,118.0,4720.0,177,53,690,66263.2930726025
858,01/11/2016,2016,11,1,588,STN,PSA,STN-PSA,95.0,4030.0,184,21,270,65653.28738130831
859,01/11/2016,2016,11,1,586,STN,PSA,STN-PSA,101.0,4470.0,189,31,400,66383.55954943565
860,01/11/2016,2016,11,1,604,CPH,BUD,CPH-BUD,82.0,3567.0,180,43,453,64928.15352067055
861,01/11/2016,2016,11,1,605,BUD,CPH,BUD-CPH,100.0,4200.0,179,42,223,65412.70838374167
862,01/11/2016,2016,11,1,409,CGN,CPH,CGN-CPH,66.0,2840.0,126,16,223,59731.33311373949
863,01/11/2016,2016,11,1,408,CPH,CGN,CPH-CGN,62.0,2890.0,170,43,416,63293.511270853836
864,01/11/2016,2016,11,1,8117,STN,NUE,STN-NUE,70.0,3330.0,176,69,900,64412.29246693068
865,01/11/2016,2016,11,1,8116,NUE,STN,NUE-STN,90.0,3782.0,170,36,470,64438.96555289604
866,01/11/2016,2016,11,1,2666,MAN,WMI,MAN-WMI,119.0,5190.0,177,38,500,66180.90061958776
867,01/11/2016,2016,11,1,2665,WMI,MAN,WMI-MAN,168.0,6770.0,174,39,510,67885.9188505749
868,01/11/2016,2016,11,1,3247,STR,MAN,STR-MAN,100.0,4104.0,168,52,680,64807.083771459
869,01/11/2016,2016,11,1,3246,MAN,STR,MAN-STR,86.0,3970.0,175,47,620,64785.38540395544
870,01/11/2016,2016,11,1,5514,CTA,MXP,CTA-MXP,98.0,4470.0,182,34,440,65718.01751529094
871,01/11/2016,2016,11,1,5513,MXP,CTA,MXP-CTA,90.0,4090.0,173,29,380,64626.38749641941
872,01/11/2016,2016,11,1,4892,CTA,FCO,CTA-FCO,61.0,2870.0,181,30,390,64136.35504901236
873,01/11/2016,2016,11,1,4891,FCO,CTA,FCO-CTA,56.0,2750.0,169,21,270,62879.94821471709
874,01/11/2016,2016,11,1,9271,STN,EIN,STN-EIN,40.0,2120.0,151,13,170,60709.53686683801
875,01/11/2016,2016,11,1,1964,DUB,EIN,DUB-EIN,73.0,3310.0,180,61,793,64789.550342119685
876,01/11/2016,2016,11,1,1965,EIN,DUB,EIN-DUB,90.0,3810.0,177,30,390,64959.79990523319
877,01/11/2016,2016,11,1,9272,EIN,STN,EIN-STN,57.0,2810.0,184,15,190,64094.42879551099
878,01/11/2016,2016,11,1,5505,BGY,NUE,BGY-NUE,55.0,2200.0,118,12,170,58606.93685021122
879,01/11/2016,2016,11,1,5506,NUE,BGY,NUE-BGY,55.0,2368.0,160,19,240,62085.2819354939
880,01/11/2016,2016,11,1,4231,BGY,BVA,BGY-BVA,85.0,3210.0,172,15,200,64230.65176820706
881,01/11/2016,2016,11,1,4232,BVA,BGY,BVA-BGY,67.0,2820.0,163,10,130,62735.8963974716
882,01/11/2016,2016,11,1,2642,STN,RIX,STN-RIX,128.0,5501.0,165,23,300,65428.480435541234
883,01/11/2016,2016,11,1,2643,RIX,STN,RIX-STN,160.0,7088.0,164,43,560,66783.20960998489
884,01/11/2016,2016,11,1,1147,SKG,SXF,SKG-SXF,139.0,5920.0,178,38,500,67056.04964942207
885,01/11/2016,2016,11,1,1146,SXF,SKG,SXF-SKG,120.0,4590.0,75,15,200,57689.64474333564
886,01/11/2016,2016,11,1,6309,CIA,SOF,CIA-SOF,84.0,4140.0,149,19,250,62342.92202485361
887,01/11/2016,2016,11,1,6324,MXP,SOF,MXP-SOF,101.0,4449.0,157,48,620,63908.99062688532
888,01/11/2016,2016,11,1,6323,SOF,MXP,SOF-MXP,121.0,4950.0,168,26,340,65421.728158328195
889,01/11/2016,2016,11,1,6308,SOF,CIA,SOF-CIA,85.0,3460.0,175,17,220,64488.74150598239
890,01/11/2016,2016,11,1,8969,SKG,ATH,SKG-ATH,36.0,1710.0,123,10,130,58236.24263716478
891,01/11/2016,2016,11,1,1067,SKG,ATH,SKG-ATH,35.0,1740.0,155,8,100,60793.20401272985
892,01/11/2016,2016,11,1,8968,ATH,SKG,ATH-SKG,41.0,1970.0,173,7,90,62496.24655942504
893,01/11/2016,2016,11,1,1066,ATH,SKG,ATH-SKG,41.0,2150.0,161,16,210,61592.37450696365
894,01/11/2016,2016,11,1,1236,ATH,JTR,ATH-JTR,31.0,1660.0,169,45,590,62093.77473521113
895,01/11/2016,2016,11,1,1237,JTR,ATH,JTR-ATH,32.0,1520.0,175,47,610,62636.77562159099
896,01/11/2016,2016,11,1,6531,MRS,OPO,MRS-OPO,104.0,4240.0,180,32,420,65779.69539764522
897,01/11/2016,2016,11,1,6773,NTE,MRS,NTE-MRS,65.0,2700.0,180,16,210,64097.65022703876
898,01/11/2016,2016,11,1,6532,OPO,MRS,OPO-MRS,101.0,4380.0,181,38,500,65793.82687099205
899,01/11/2016,2016,11,1,6772,MRS,NTE,MRS-NTE,67.0,2760.0,180,34,440,64324.75036186105
900,01/11/2016,2016,11,1,4758,LPA,BRS,LPA-BRS,212.0,8940.0,166,64,830,69183.00619113573
901,01/11/2016,2016,11,1,4757,BRS,LPA,BRS-LPA,245.0,8900.0,79,10,130,62930.42497934263
902,01/11/2016,2016,11,1,9822,CIA,BTS,CIA-BTS,78.0,3570.0,176,30,390,64402.01168094442
903,01/11/2016,2016,11,1,9823,BTS,CIA,BTS-CIA,70.0,3120.0,172,26,340,63725.541086857105
904,01/11/2016,2016,11,1,3967,CGN,CIA,CGN-CIA,93.0,3987.0,170,16,210,64390.94288674372
905,01/11/2016,2016,11,1,3966,CIA,CGN,CIA-CGN,103.0,4390.0,181,39,510,65879.59141731044
906,01/11/2016,2016,11,1,8736,STN,MXP,STN-MXP,87.0,3830.0,173,31,400,64520.22588420382
907,01/11/2016,2016,11,1,8737,MXP,STN,MXP-STN,101.0,4160.0,157,33,430,63786.92807317739
908,01/11/2016,2016,11,1,9254,IBZ,STN,IBZ-STN,144.0,6260.0,175,35,460,66983.46172524872
909,01/11/2016,2016,11,1,9253,STN,IBZ,STN-IBZ,133.0,4510.0,45,12,160,55727.2481935058
910,01/11/2016,2016,11,1,1133,LGW,BFS,LGW-BFS,66.0,2590.0,86,20,256,56482.65281319727
911,01/11/2016,2016,11,1,1272,LGW,BFS,LGW-BFS,66.0,2630.0,140,18,243,60888.640027189715
912,01/11/2016,2016,11,1,1271,BFS,LGW,BFS-LGW,61.0,2880.0,179,17,233,63871.99880163913
913,01/11/2016,2016,11,1,1132,BFS,LGW,BFS-LGW,65.0,2900.0,172,26,240,63462.947134071175
914,01/11/2016,2016,11,1,1653,DNR,EMA,DNR-EMA,59.0,2480.0,154,19,253,61761.831890855596
915,01/11/2016,2016,11,1,1652,EMA,DNR,EMA-DNR,59.0,2230.0,136,17,220,60269.18526511199
916,01/11/2016,2016,11,1,9184,ALC,EMA,ALC-EMA,139.0,5540.0,179,43,560,67176.3427349845
917,01/11/2016,2016,11,1,9185,EMA,ALC,EMA-ALC,140.0,4970.0,114,19,250,61703.302104706854
918,01/11/2016,2016,11,1,2493,TFS,LBA,TFS-LBA,239.0,9705.0,174,74,960,70991.59152173146
919,01/11/2016,2016,11,1,2492,LBA,TFS,LBA-TFS,271.0,11310.0,170,92,1200,72088.23095839978
920,01/11/2016,2016,11,1,4703,OPO,BGY,OPO-BGY,136.0,5790.0,184,37,490,67421.09709823316
921,01/11/2016,2016,11,1,4702,BGY,OPO,BGY-OPO,133.0,5500.0,176,14,180,66448.95597549815
922,01/11/2016,2016,11,1,735,BTS,BHX,BTS-BHX,135.0,6008.0,183,47,610,67376.77212075348
923,01/11/2016,2016,11,1,734,BHX,BTS,BHX-BTS,117.0,4920.0,177,49,640,66191.50124724931
924,01/11/2016,2016,11,1,8632,CRL,TPS,CRL-TPS,123.0,4940.0,164,65,430,65231.89940022076
925,01/11/2016,2016,11,1,8631,TPS,CRL,TPS-CRL,133.0,5490.0,184,46,600,67372.75459040554
926,01/11/2016,2016,11,1,17,SKG,ATH,SKG-ATH,39.0,1840.0,170,13,170,62223.06006958328
927,01/11/2016,2016,11,1,27,SKG,ATH,SKG-ATH,36.0,1740.0,153,9,120,60682.22877134615
928,01/11/2016,2016,11,1,16,ATH,SKG,ATH-SKG,42.0,2190.0,167,7,90,62045.43456429556
929,01/11/2016,2016,11,1,28,ATH,SKG,ATH-SKG,44.0,2160.0,167,9,1200,62837.87705313353
930,01/11/2016,2016,11,1,1385,PGF,CRL,PGF-CRL,89.0,3780.0,185,20,263,65492.5167516672
931,01/11/2016,2016,11,1,6105,CRL,CIA,CRL-CIA,100.0,4150.0,179,74,380,65513.57059917401
932,01/11/2016,2016,11,1,6106,CIA,CRL,CIA-CRL,109.0,4560.0,177,19,250,65623.59098935591
933,01/11/2016,2016,11,1,1384,CRL,PGF,CRL-PGF,81.0,3760.0,175,68,350,64413.57758732557
934,01/11/2016,2016,11,1,6336,BHX,SOF,BHX-SOF,166.0,6606.0,150,41,530,65857.49895576181
935,01/11/2016,2016,11,1,6335,SOF,BHX,SOF-BHX,202.0,8430.0,154,41,530,67612.61064459856
936,01/11/2016,2016,11,1,292,STN,TSR,STN-TSR,125.0,4863.0,96,19,250,59636.80430684093
937,01/11/2016,2016,11,1,2973,BRU,BTS,BRU-BTS,79.0,3800.0,171,20,293,63970.63055594502
938,01/11/2016,2016,11,1,2974,BTS,BRU,BTS-BRU,102.0,4336.0,173,45,593,65239.26725178925
939,01/11/2016,2016,11,1,8967,SKG,ATH,SKG-ATH,36.0,1850.0,157,9,110,61002.792490295935
940,01/11/2016,2016,11,1,8966,ATH,SKG,ATH-SKG,40.0,2010.0,167,15,200,62036.76215716113
941,01/11/2016,2016,11,1,5111,NYO,ZAD,NYO-ZAD,133.0,5410.0,163,26,340,65489.034286794296
942,01/11/2016,2016,11,1,5112,ZAD,NYO,ZAD-NYO,147.0,5820.0,141,22,280,64207.435275557225
943,01/11/2016,2016,11,1,4582,PUY,HHN,PUY-HHN,73.0,3080.0,170,26,340,63681.0573569958
944,01/11/2016,2016,11,1,9833,PMI,HHN,PMI-HHN,113.0,4888.0,184,33,430,66470.13871269774
945,01/11/2016,2016,11,1,4581,HHN,PUY,HHN-PUY,73.0,2940.0,66,4,50,54993.061693041585
946,01/11/2016,2016,11,1,9832,HHN,PMI,HHN-PMI,102.0,3430.0,39,3,40,53929.90083701018
947,01/11/2016,2016,11,1,7453,BGY,CTA,BGY-CTA,88.0,3640.0,176,15,200,64676.65013416843
948,01/11/2016,2016,11,1,4195,BGY,STN,BGY-STN,105.0,4280.0,176,54,700,65672.25909255253
949,01/11/2016,2016,11,1,7454,CTA,BGY,CTA-BGY,93.0,3844.0,180,20,260,65240.534771108156
950,01/11/2016,2016,11,1,4196,STN,BGY,STN-BGY,88.0,3540.0,189,26,340,65829.30217083216
951,01/11/2016,2016,11,1,2243,BCN,RAK,BCN-RAK,122.0,5550.0,167,52,680,65598.07897073882
952,01/11/2016,2016,11,1,2240,RAK,BCN,RAK-BCN,114.0,5021.0,175,59,760,65986.0890524128
953,01/11/2016,2016,11,1,8585,RHO,STN,RHO-STN,251.0,10835.0,184,95,1236,72462.41480987734
954,01/11/2016,2016,11,1,8584,STN,RHO,STN-RHO,212.0,7740.0,24,13,160,57144.498812888734
955,01/11/2016,2016,11,1,1541,VRN,BHX,VRN-BHX,117.0,4894.0,175,48,805,66134.00890668636
956,01/11/2016,2016,11,1,1542,BHX,VRN,BHX-VRN,105.0,4440.0,177,22,290,65490.60796631112
957,01/11/2016,2016,11,1,1825,MJV,EMA,MJV-EMA,148.0,5770.0,185,51,660,68088.09918636587
958,01/11/2016,2016,11,1,1824,EMA,MJV,EMA-MJV,144.0,5240.0,102,39,500,61041.62693913419
959,01/11/2016,2016,11,1,157,LBA,DUB,LBA-DUB,39.0,1840.0,156,13,196,61095.30514282024
960,01/11/2016,2016,11,1,156,DUB,LBA,DUB-LBA,39.0,1877.0,164,27,351,61848.85861702974
961,01/11/2016,2016,11,1,2711,BHX,IBZ,BHX-IBZ,134.0,4493.0,21,21,40,53727.897771724354
962,01/11/2016,2016,11,1,2712,IBZ,BHX,IBZ-BHX,130.0,5269.0,167,57,740,65953.98584587635
963,01/11/2016,2016,11,1,6625,KRK,EDI,KRK-EDI,162.0,6980.0,183,48,620,68454.28918440171
964,01/11/2016,2016,11,1,6624,EDI,KRK,EDI-KRK,132.0,5550.0,173,39,510,66376.04820964948
965,01/11/2016,2016,11,1,8121,BRS,AGP,BRS-AGP,145.0,5560.0,100,22,290,60782.89176431457
966,01/11/2016,2016,11,1,8122,AGP,BRS,AGP-BRS,134.0,5723.0,184,40,520,67361.02993164277
967,01/11/2016,2016,11,1,2622,PDL,LIS,PDL-LIS,113.0,4910.0,174,17,220,65517.75730942136
968,01/11/2016,2016,11,1,2623,LIS,PDL,LIS-PDL,126.0,5564.0,189,67,879,67683.0381890081
969,01/11/2016,2016,11,1,8164,STN,AGP,STN-AGP,157.0,6313.0,159,26,340,66114.12863954916
970,01/11/2016,2016,11,1,8165,AGP,STN,AGP-STN,147.0,6200.0,181,47,610,67689.31929713092
971,01/11/2016,2016,11,1,2031,MAD,LPA,MAD-LPA,157.0,6730.0,165,16,210,66521.09425125588
972,01/11/2016,2016,11,1,2032,LPA,MAD,LPA-MAD,142.0,6120.0,175,19,250,66769.21028029041
973,01/11/2016,2016,11,1,9893,AGP,LPL,AGP-LPL,145.0,6310.0,176,64,830,67342.57960439622
974,01/11/2016,2016,11,1,9892,LPL,AGP,LPL-AGP,161.0,5315.0,8,16,210,53845.49314666873
975,01/11/2016,2016,11,1,9434,DUB,CIA,DUB-CIA,152.0,6430.0,189,88,1144,68884.70594772905
976,01/11/2016,2016,11,1,9435,CIA,DUB,CIA-DUB,168.0,7410.0,183,38,490,68608.79330444492
977,01/11/2016,2016,11,1,1274,LGW,BFS,LGW-BFS,64.0,2770.0,153,18,236,61867.51399196673
978,01/11/2016,2016,11,1,1137,LGW,BFS,LGW-BFS,64.0,2640.0,136,18,243,60482.31176192155
979,01/11/2016,2016,11,1,1273,BFS,LGW,BFS-LGW,64.0,2861.0,179,40,526,64179.242410226194
980,01/11/2016,2016,11,1,1138,BFS,LGW,BFS-LGW,60.0,2680.0,174,25,330,63485.90976693407
981,01/11/2016,2016,11,1,1957,FAO,EMA,FAO-EMA,153.0,6249.0,176,73,950,67737.03254912572
982,01/11/2016,2016,11,1,1956,EMA,FAO,EMA-FAO,162.0,5550.0,57,22,290,57942.16178936971
983,01/11/2016,2016,11,1,2157,AGP,BHX,AGP-BHX,150.0,5920.0,177,39,510,67417.09808600874
984,01/11/2016,2016,11,1,2156,BHX,AGP,BHX-AGP,152.0,5920.0,164,39,510,66433.72707977935
985,01/11/2016,2016,11,1,1977,RIX,DUB,RIX-DUB,166.0,7446.0,176,63,820,68169.22737402128
986,01/11/2016,2016,11,1,1976,DUB,RIX,DUB-RIX,153.0,6670.0,187,107,1391,68919.56333630165
987,01/11/2016,2016,11,1,2484,LBA,TSF,LBA-TSF,109.0,4090.0,113,18,240,60385.357622315416
988,01/11/2016,2016,11,1,2485,TSF,LBA,TSF-LBA,131.0,5320.0,162,33,430,65385.766173825425
989,01/11/2016,2016,11,1,2486,LBA,IBZ,LBA-IBZ,143.0,4880.0,6,5,70,52877.9964732024
990,01/11/2016,2016,11,1,2487,IBZ,LBA,IBZ-LBA,142.0,6077.0,166,32,420,66142.70100040034
991,01/11/2016,2016,11,1,2576,EIN,AGP,EIN-AGP,157.0,6600.0,182,43,563,68137.57289885292
992,01/11/2016,2016,11,1,2575,AGP,EIN,AGP-EIN,151.0,6450.0,187,54,700,68396.30090011432
993,01/11/2016,2016,11,1,6372,BCN,ACE,BCN-ACE,175.0,7451.0,161,44,570,67139.44441740344
994,01/11/2016,2016,11,1,6373,ACE,BCN,ACE-BCN,162.0,6900.0,178,54,700,68096.94886400545
995,01/11/2016,2016,11,1,1213,BZG,BHX,BZG-BHX,129.0,4990.0,166,31,410,65620.56534645683
996,01/11/2016,2016,11,1,1212,BHX,BZG,BHX-BZG,106.0,4480.0,168,22,290,64794.554923270305
997,01/11/2016,2016,11,1,968,STN,GOT,STN-GOT,83.0,3700.0,156,44,570,63081.06007377741
998,01/11/2016,2016,11,1,966,STN,GOT,STN-GOT,85.0,3886.0,162,45,590,63663.73106085046
999,01/11/2016,2016,11,1,969,GOT,STN,GOT-STN,104.0,4421.0,183,36,470,66057.05817021654
1000,01/11/2016,2016,11,1,967,GOT,STN,GOT-STN,103.0,4476.0,181,60,780,66053.04873047434
1001,01/11/2016,2016,11,1,8357,BUD,MAN,BUD-MAN,165.0,6694.0,185,38,490,68653.27703430623
1002,01/11/2016,2016,11,1,8358,MAN,BUD,MAN-BUD,118.0,4989.0,180,54,700,66514.95846544583
1003,01/11/2016,2016,11,1,2931,BRU,LIS,BRU-LIS,155.0,6800.0,186,23,320,68229.1091795008
1004,01/11/2016,2016,11,1,2932,LIS,BRU,LIS-BRU,136.0,5940.0,180,86,390,67029.86558503142
1005,01/11/2016,2016,11,1,5222,FEZ,BVA,FEZ-BVA,146.0,6080.0,184,70,910,68087.62059230894
1006,01/11/2016,2016,11,1,5223,BVA,FEZ,BVA-FEZ,164.0,6585.0,161,57,740,66812.28717362226
1007,01/11/2016,2016,11,1,203,STN,DUB,STN-DUB,60.0,2730.0,135,14,183,60203.338273586356
1008,01/11/2016,2016,11,1,2371,STN,DUB,STN-DUB,53.0,2580.0,175,41,530,63418.45297669209
1009,01/11/2016,2016,11,1,206,DUB,STN,DUB-STN,65.0,2680.0,186,47,611,64845.74855463447
1010,01/11/2016,2016,11,1,2272,DUB,STN,DUB-STN,55.0,2476.0,176,69,897,63815.31365305318
1011,01/11/2016,2016,11,1,8386,STN,PMI,STN-PMI,119.0,5070.0,156,42,550,64496.33500886839
1012,01/11/2016,2016,11,1,8387,PMI,STN,PMI-STN,129.0,5640.0,182,46,600,67050.58015569189
1013,01/11/2016,2016,11,1,9273,STN,EIN,STN-EIN,41.0,1960.0,184,14,180,63453.2828394879
1014,01/11/2016,2016,11,1,9274,EIN,STN,EIN-STN,49.0,2150.0,130,13,170,59349.8804376974
1015,01/11/2016,2016,11,1,2095,OPO,LIS,OPO-LIS,34.0,1520.0,159,4,50,61048.400251258456
1016,01/11/2016,2016,11,1,2096,LIS,OPO,LIS-OPO,33.0,1520.0,153,7,90,60543.94543447058
1017,01/11/2016,2016,11,1,5714,NRN,SKG,NRN-SKG,137.0,5790.0,144,33,430,64152.340490516566
1018,01/11/2016,2016,11,1,5715,SKG,NRN,SKG-NRN,164.0,6970.0,186,41,530,68721.05132931146
1019,01/11/2016,2016,11,1,4898,TFS,BLQ,TFS-BLQ,233.0,9680.0,171,57,740,70366.99428115705
1020,01/11/2016,2016,11,1,4897,BLQ,TFS,BLQ-TFS,242.0,11230.0,182,100,1119,71866.72503599335
1021,01/11/2016,2016,11,1,6698,EDI,LPA,EDI-LPA,280.0,11610.0,138,55,720,69520.98879684845
1022,01/11/2016,2016,11,1,6699,LPA,EDI,LPA-EDI,252.0,10702.0,162,79,1020,70564.88470868961
1023,01/11/2016,2016,11,1,2137,RZE,STN,RZE-STN,150.0,6354.0,177,32,420,67359.27898162078
1024,01/11/2016,2016,11,1,2136,STN,RZE,STN-RZE,112.0,4834.0,148,17,220,63352.66479349659
1025,01/11/2016,2016,11,1,515,DNR,STN,DNR-STN,49.0,2150.0,134,19,248,59726.97839204875
1026,01/11/2016,2016,11,1,514,STN,DNR,STN-DNR,50.0,2350.0,163,27,350,62202.84027419123
1027,01/11/2016,2016,11,1,4405,RAK,DLE,RAK-DLE,168.0,7350.0,187,92,1200,69391.90985849843
1028,01/11/2016,2016,11,1,4406,DLE,RAK,DLE-RAK,175.0,7778.0,173,78,1170,68505.86930496857
1029,01/11/2016,2016,11,1,96,SXF,NRN,SXF-NRN,56.0,2380.0,168,36,467,62924.76079390697
1030,01/11/2016,2016,11,1,7319,LEI,DUB,LEI-DUB,158.0,6544.0,173,47,620,67478.13862192447
1031,01/11/2016,2016,11,1,7318,DUB,LEI,DUB-LEI,169.0,7100.0,159,19,247,66530.42343999991
1032,01/11/2016,2016,11,1,6031,EMA,PMI,EMA-PMI,127.0,4400.0,8,2,30,52381.07151432421
1033,01/11/2016,2016,11,1,6032,PMI,EMA,PMI-EMA,150.0,6449.0,174,49,640,67255.37352221337
1034,01/11/2016,2016,11,1,149,BCN,SXF,BCN-SXF,137.0,5940.0,174,25,330,66540.50752030997
1035,01/11/2016,2016,11,1,148,SXF,BCN,SXF-BCN,127.0,5229.0,177,18,240,66331.2284569014
1036,01/11/2016,2016,11,1,9601,CIA,MAD,CIA-MAD,125.0,5570.0,180,21,270,66516.40233822234
1037,01/11/2016,2016,11,1,5485,OPO,MAD,OPO-MAD,51.0,2344.0,177,3,40,63187.813905578776
1038,01/11/2016,2016,11,1,5484,MAD,OPO,MAD-OPO,47.0,2230.0,171,34,447,62800.122245715575
1039,01/11/2016,2016,11,1,9602,MAD,CIA,MAD-CIA,121.0,5060.0,175,22,290,65961.83554546133
1040,01/11/2016,2016,11,1,3152,EMA,TFS,EMA-TFS,263.0,10470.0,150,68,880,69930.35079562146
1041,01/11/2016,2016,11,1,3153,TFS,EMA,TFS-EMA,231.0,9551.0,177,71,920,70893.77438436927
1042,01/11/2016,2016,11,1,2476,LBA,CHQ,LBA-CHQ,219.0,7080.0,25,13,170,57510.360878643536
1043,01/11/2016,2016,11,1,2477,CHQ,LBA,CHQ-LBA,256.0,10485.0,179,46,600,71843.44189581613
1044,01/11/2016,2016,11,1,5578,ALC,EDI,ALC-EDI,162.0,7265.0,174,71,920,67911.29638862758
1045,01/11/2016,2016,11,1,5579,EDI,ALC,EDI-ALC,167.0,7020.0,165,40,520,67116.94995107969
1046,01/11/2016,2016,11,1,9815,BCN,STN,BCN-STN,123.0,5340.0,172,20,260,65776.6616641404
1047,01/11/2016,2016,11,1,6304,BGY,BCN,BGY-BCN,72.0,3130.0,177,18,245,64152.58509124176
1048,01/11/2016,2016,11,1,9814,STN,BCN,STN-BCN,112.0,4860.0,186,9,120,66394.80795105355
1049,01/11/2016,2016,11,1,6305,BCN,BGY,BCN-BGY,80.0,3760.0,176,30,390,64481.35188233081
1050,01/11/2016,2016,11,1,3208,MAN,AGP,MAN-AGP,159.0,5388.0,48,13,170,57010.33620437217
1051,01/11/2016,2016,11,1,3209,AGP,MAN,AGP-MAN,155.0,6160.0,184,67,870,68418.9541188197
1052,01/11/2016,2016,11,1,8305,WRO,MAD,WRO-MAD,172.0,7340.0,174,38,490,68031.75056348369
1053,01/11/2016,2016,11,1,8306,MAD,WRO,MAD-WRO,154.0,6666.0,162,27,350,66246.7837303129
1054,01/11/2016,2016,11,1,271,STN,DUB,STN-DUB,51.0,2410.0,156,33,430,61721.676022547275
1055,01/11/2016,2016,11,1,212,STN,DUB,STN-DUB,58.0,2900.0,145,27,360,61055.17913720076
1056,01/11/2016,2016,11,1,272,DUB,STN,DUB-STN,52.0,2220.0,183,51,663,64118.202791358
1057,01/11/2016,2016,11,1,211,DUB,STN,DUB-STN,59.0,2690.0,184,36,468,64352.36578600688
1058,01/11/2016,2016,11,1,5185,PMI,FKB,PMI-FKB,100.0,4377.0,179,64,830,65802.66612111384
1059,01/11/2016,2016,11,1,5184,FKB,PMI,FKB-PMI,93.0,4000.0,169,47,610,64566.16966805312
1060,01/11/2016,2016,11,1,7266,VLC,TSF,VLC-TSF,108.0,4500.0,184,25,330,66207.5447599118
1061,01/11/2016,2016,11,1,9326,VLC,PSA,VLC-PSA,90.0,4250.0,181,14,180,65151.87672554304
1062,01/11/2016,2016,11,1,9325,PSA,VLC,PSA-VLC,94.0,4162.0,174,34,440,64905.3609847546
1063,01/11/2016,2016,11,1,7267,TSF,VLC,TSF-VLC,101.0,4390.0,179,7,90,65366.93469683932
1064,01/11/2016,2016,11,1,1519,HAM,STN,HAM-STN,80.0,3360.0,128,27,350,60531.79773602144
1065,01/11/2016,2016,11,1,1520,STN,HAM,STN-HAM,65.0,2790.0,143,23,300,61130.82974052024
1066,01/11/2016,2016,11,1,5272,SVQ,PMI,SVQ-PMI,75.0,3190.0,182,19,250,64683.542645639565
1067,01/11/2016,2016,11,1,6398,BCN,SVQ,BCN-SVQ,77.0,3380.0,182,12,160,64705.06374263798
1068,01/11/2016,2016,11,1,5273,PMI,SVQ,PMI-SVQ,78.0,3230.0,178,29,380,64559.08136795332
1069,01/11/2016,2016,11,1,6399,SVQ,BCN,SVQ-BCN,79.0,3290.0,188,8,100,65236.33997025507
1070,01/11/2016,2016,11,1,1364,STN,RBA,STN-RBA,177.0,7519.0,154,57,740,66755.76937084064
1071,01/11/2016,2016,11,1,1365,RBA,STN,RBA-STN,168.0,6748.0,156,62,583,66461.37028111046
1072,01/11/2016,2016,11,1,4080,NCL,ALC,NCL-ALC,160.0,6539.0,147,47,610,65425.63206314729
1073,01/11/2016,2016,11,1,4079,ALC,NCL,ALC-NCL,160.0,6790.0,183,32,420,68246.4620843754
1074,01/11/2016,2016,11,1,2061,MAD,PMI,MAD-PMI,61.0,2653.0,166,14,180,62775.23856588375
1075,01/11/2016,2016,11,1,5995,MAD,STN,MAD-STN,116.0,5080.0,185,58,750,66876.47506857164
1076,01/11/2016,2016,11,1,73,CCF,STN,CCF-STN,101.0,4210.0,164,37,490,64397.70325456248
1077,01/11/2016,2016,11,1,108,SNN,STN,SNN-STN,64.0,2807.0,178,22,280,63939.45650892865
1078,01/11/2016,2016,11,1,72,STN,CCF,STN-CCF,93.0,4150.0,167,39,510,64338.43218679227
1079,01/11/2016,2016,11,1,109,STN,SNN,STN-SNN,66.0,3190.0,158,17,220,62345.310321314144
1080,01/11/2016,2016,11,1,8348,OPO,STN,OPO-STN,116.0,4980.0,173,26,340,65632.11273471446
1081,01/11/2016,2016,11,1,8347,STN,OPO,STN-OPO,124.0,5170.0,175,14,180,66010.17805328895
1082,01/11/2016,2016,11,1,9649,WRO,LPL,WRO-LPL,138.0,5470.0,132,33,430,63211.04639956442
1083,01/11/2016,2016,11,1,9648,LPL,WRO,LPL-WRO,104.0,4433.0,173,58,750,65419.469668607984
1084,01/11/2016,2016,11,1,5031,WAW,WRO,WAW-WRO,37.0,1610.0,88,2,30,55350.52372957243
1085,01/11/2016,2016,11,1,5032,WRO,WAW,WRO-WAW,38.0,1610.0,74,5,66,54268.86324843457
1086,01/11/2016,2016,11,1,1885,LIS,STN,LIS-STN,144.0,6326.0,185,37,486,67817.63518177636
1087,01/11/2016,2016,11,1,1884,STN,LIS,STN-LIS,146.0,6190.0,175,42,550,67120.62103102307
1088,01/11/2016,2016,11,1,3531,ACE,GLA,ACE-GLA,241.0,9500.0,148,61,790,68836.29544404233
1089,01/11/2016,2016,11,1,3532,GLA,ACE,GLA-ACE,263.0,10535.0,155,63,820,70300.53980588171
1090,01/11/2016,2016,11,1,4917,TRN,PMO,TRN-PMO,78.0,3280.0,176,7,90,64209.28133298454
1091,01/11/2016,2016,11,1,145,STN,SXF,STN-SXF,76.0,3540.0,144,12,160,61559.007035067865
1092,01/11/2016,2016,11,1,165,BRU,SXF,BRU-SXF,60.0,2780.0,173,22,312,63392.59893008603
1093,01/11/2016,2016,11,1,144,SXF,STN,SXF-STN,99.0,3718.0,164,29,380,64247.69525892414
1094,01/11/2016,2016,11,1,164,SXF,BRU,SXF-BRU,65.0,2770.0,176,20,260,63802.78388781696
1095,01/11/2016,2016,11,1,523,LDE,STN,LDE-STN,91.0,4004.0,158,34,440,63478.3984271479
1096,01/11/2016,2016,11,1,522,STN,LDE,STN-LDE,91.0,4190.0,152,24,310,62904.39984720928
1097,01/11/2016,2016,11,1,8144,LTN,NOC,LTN-NOC,67.0,2710.0,50,5,70,53459.93752321929
1098,01/11/2016,2016,11,1,8145,NOC,LTN,NOC-LTN,74.0,2900.0,171,18,240,63738.231024339475
1099,01/11/2016,2016,11,1,2319,BTS,STN,BTS-STN,134.0,5980.0,184,32,410,67290.36213739081
1100,01/11/2016,2016,11,1,2318,STN,BTS,STN-BTS,102.0,4313.0,185,53,690,66282.54758927497
1101,01/11/2016,2016,11,1,1247,BTS,ATH,BTS-ATH,102.0,4250.0,165,20,260,64371.36043779021
1102,01/11/2016,2016,11,1,1246,ATH,BTS,ATH-BTS,118.0,5310.0,168,38,500,65405.50737516055
1103,01/11/2016,2016,11,1,6578,BCN,PMI,BCN-PMI,28.0,1390.0,172,24,310,62040.12382294699
1104,01/11/2016,2016,11,1,6368,BCN,PMI,BCN-PMI,28.0,1390.0,184,16,210,62956.844565272375
1105,01/11/2016,2016,11,1,6369,PMI,BCN,PMI-BCN,34.0,1530.0,182,28,360,63127.73631147059
1106,01/11/2016,2016,11,1,6579,PMI,BCN,PMI-BCN,33.0,1540.0,189,28,360,63660.29532257051
1107,01/11/2016,2016,11,1,2374,STN,GDN,STN-GDN,95.0,4110.0,164,24,310,64044.0444416274
1108,01/11/2016,2016,11,1,3195,WAW,GDN,WAW-GDN,39.0,1801.0,102,26,340,56773.476847436934
1109,01/11/2016,2016,11,1,2375,GDN,STN,GDN-STN,139.0,5800.0,172,37,480,66552.71886373541
1110,01/11/2016,2016,11,1,3194,GDN,WAW,GDN-WAW,35.0,1660.0,146,8,100,60057.480868995845
1111,01/11/2016,2016,11,1,6655,BOD,EDI,BOD-EDI,113.0,4644.0,151,29,380,63740.36546101306
1112,01/11/2016,2016,11,1,6654,EDI,BOD,EDI-BOD,112.0,5002.0,178,51,670,66094.17079454979
1113,01/11/2016,2016,11,1,153,LBA,DUB,LBA-DUB,37.0,1770.0,125,17,230,58503.650219118834
1114,01/11/2016,2016,11,1,152,DUB,LBA,DUB-LBA,36.0,1880.0,182,51,663,63401.73416429646
1115,01/11/2016,2016,11,1,2332,LBA,KRK,LBA-KRK,117.0,4970.0,171,33,430,65566.10790785472
1116,01/11/2016,2016,11,1,2333,KRK,LBA,KRK-LBA,146.0,6199.0,179,34,440,67376.94130065289
1117,01/11/2016,2016,11,1,9919,EGC,LPL,EGC-LPL,87.0,3956.0,177,57,740,65065.64167577348
1118,01/11/2016,2016,11,1,9918,LPL,EGC,LPL-EGC,89.0,3600.0,167,77,1000,64494.54468568732
1119,01/11/2016,2016,11,1,5035,WAW,WRO,WAW-WRO,37.0,1687.0,121,4,50,58061.023946461115
1120,01/11/2016,2016,11,1,5036,WRO,WAW,WRO-WAW,33.0,1700.0,160,9,120,61135.447581059685
1121,01/11/2016,2016,11,1,3466,LTN,KUN,LTN-KUN,122.0,5189.0,178,17,220,66201.77627954188
1122,01/11/2016,2016,11,1,3467,KUN,LTN,KUN-LTN,165.0,7030.0,180,21,280,68109.63071088208
1123,01/11/2016,2016,11,1,8777,LIG,STN,LIG-STN,80.0,3383.0,171,26,340,64040.4950778186
1124,01/11/2016,2016,11,1,8776,STN,LIG,STN-LIG,73.0,3310.0,157,40,520,62733.98435815594
1125,01/11/2016,2016,11,1,7122,DUB,TFS,DUB-TFS,251.0,10727.0,184,84,979,72297.30914512504
1126,01/11/2016,2016,11,1,7123,TFS,DUB,TFS-DUB,228.0,10031.0,176,56,730,70570.95451261132
1127,01/11/2016,2016,11,1,1883,LIS,STN,LIS-STN,123.0,5640.0,174,30,390,66023.67218019723
1128,01/11/2016,2016,11,1,1882,STN,LIS,STN-LIS,143.0,6310.0,181,20,260,67305.78682173826
1129,01/11/2016,2016,11,1,8474,STN,PIS,STN-PIS,70.0,3160.0,174,33,430,63946.85422318596
1130,01/11/2016,2016,11,1,8475,PIS,STN,PIS-STN,67.0,2940.0,133,31,410,60463.36757645413
1131,01/11/2016,2016,11,1,291,TSR,STN,TSR-STN,162.0,6750.0,169,37,480,67219.89013176752
1132,01/11/2016,2016,11,1,3445,MAN,PMI,MAN-PMI,129.0,4860.0,89,26,346,59284.929309167754
1133,01/11/2016,2016,11,1,3446,PMI,MAN,PMI-MAN,158.0,6571.0,185,64,830,68594.01405714174
1134,01/11/2016,2016,11,1,3105,AMS,DUB,AMS-DUB,77.0,3500.0,177,20,270,64366.99645703772
1135,01/11/2016,2016,11,1,29,BVA,DUB,BVA-DUB,76.0,3356.0,149,14,180,61980.590804784086
1136,01/11/2016,2016,11,1,26,DUB,BVA,DUB-BVA,63.0,3190.0,181,79,1027,64624.926022566906
1137,01/11/2016,2016,11,1,3104,DUB,AMS,DUB-AMS,66.0,2920.0,178,63,819,64365.06890214963
1138,01/11/2016,2016,11,1,4082,FUE,LPL,FUE-LPL,224.0,9143.0,172,45,590,69995.34521690881
1139,01/11/2016,2016,11,1,4081,LPL,FUE,LPL-FUE,242.0,10270.0,158,95,1243,69984.45852985942
1140,01/11/2016,2016,11,1,6464,CRL,ZAD,CRL-ZAD,87.0,3560.0,167,54,350,63997.622063721166
1141,01/11/2016,2016,11,1,6465,ZAD,CRL,ZAD-CRL,100.0,4060.0,185,35,460,66055.44745445266
1142,01/11/2016,2016,11,1,8388,STN,ZAD,STN-ZAD,107.0,4522.0,150,37,480,63484.84129020342
1143,01/11/2016,2016,11,1,8389,ZAD,STN,ZAD-STN,139.0,5650.0,171,39,510,66490.24488256095
1144,01/11/2016,2016,11,1,3918,STN,PMO,STN-PMO,146.0,6210.0,147,31,400,64735.339409870656
1145,01/11/2016,2016,11,1,3919,PMO,STN,PMO-STN,168.0,7129.0,181,47,610,68522.39141168798
1146,01/11/2016,2016,11,1,2315,BTS,STN,BTS-STN,129.0,5560.0,171,30,390,66016.45173644506
1147,01/11/2016,2016,11,1,2314,STN,BTS,STN-BTS,103.0,4549.0,184,30,390,66047.74032603782
1148,01/11/2016,2016,11,1,664,DUB,BHX,DUB-BHX,44.0,2010.0,182,53,689,63735.7982666652
1149,01/11/2016,2016,11,1,665,BHX,DUB,BHX-DUB,52.0,2194.0,146,26,340,60886.05685914805
1150,01/11/2016,2016,11,1,23,BVA,DUB,BVA-DUB,74.0,3350.0,147,16,210,61757.02960625279
1151,01/11/2016,2016,11,1,22,DUB,BVA,DUB-BVA,65.0,3280.0,178,59,767,64291.99220781005
1152,01/11/2016,2016,11,1,9406,IBZ,EMA,IBZ-EMA,140.0,5580.0,173,50,650,66783.34984424298
1153,01/11/2016,2016,11,1,9407,EMA,IBZ,EMA-IBZ,135.0,4350.0,22,12,160,53926.40702757195
1154,01/11/2016,2016,11,1,5010,FCO,SUF,FCO-SUF,46.0,2340.0,140,8,100,60003.3698807983
1155,01/11/2016,2016,11,1,5040,SUF,TSF,SUF-TSF,76.0,3270.0,171,21,280,63843.26860545385
1156,01/11/2016,2016,11,1,6937,SUF,PSA,SUF-PSA,68.0,2970.0,171,17,253,63508.56206859191
1157,01/11/2016,2016,11,1,5050,TSF,SUF,TSF-SUF,71.0,3309.0,168,19,250,63380.404019280555
1158,01/11/2016,2016,11,1,5000,SUF,FCO,SUF-FCO,55.0,2370.0,151,6,80,61246.76927284795
1159,01/11/2016,2016,11,1,819,EDI,DUB,EDI-DUB,39.0,1650.0,178,14,180,62883.460542278845
1160,01/11/2016,2016,11,1,509,BRS,DUB,BRS-DUB,45.0,1960.0,123,29,380,58753.882166703435
1161,01/11/2016,2016,11,1,508,DUB,BRS,DUB-BRS,38.0,1760.0,176,44,572,62932.13073097901
1162,01/11/2016,2016,11,1,818,DUB,EDI,DUB-EDI,49.0,2100.0,172,53,689,63116.678610426716
1163,01/11/2016,2016,11,1,5983,MAD,BGY,MAD-BGY,104.0,4590.0,179,13,170,65537.33975837487
1164,01/11/2016,2016,11,1,5984,BGY,MAD,BGY-MAD,112.0,4940.0,186,27,350,66542.56788448947
1165,01/11/2016,2016,11,1,3222,MAN,CRL,MAN-CRL,56.0,3050.0,187,24,310,64377.09188191309
1166,01/11/2016,2016,11,1,3223,CRL,MAN,CRL-MAN,66.0,2960.0,164,49,260,62861.4897968648
1167,01/11/2016,2016,11,1,3218,MAN,BGY,MAN-BGY,105.0,3680.0,179,34,440,65750.46717223196
1168,01/11/2016,2016,11,1,3219,BGY,MAN,BGY-MAN,122.0,5030.0,173,54,710,66107.83410135747
1169,01/11/2016,2016,11,1,9943,ORK,ACE,ORK-ACE,223.0,9542.0,182,56,730,70863.08610496802
1170,01/11/2016,2016,11,1,9944,ACE,ORK,ACE-ORK,194.0,8390.0,172,58,750,68908.03171502495
1171,01/11/2016,2016,11,1,1959,NCE,DUB,NCE-DUB,139.0,5810.0,161,28,363,65578.33685235615
1172,01/11/2016,2016,11,1,1958,DUB,NCE,DUB-NCE,126.0,5660.0,184,94,1222,67494.65814032336
1173,01/11/2016,2016,11,1,653,PIK,TFS,PIK-TFS,284.0,12180.0,171,112,1020,72570.05107460581
1174,01/11/2016,2016,11,1,654,TFS,PIK,TFS-PIK,249.0,10612.0,172,75,980,71237.6471865865
1175,01/11/2016,2016,11,1,7146,DUB,SVQ,DUB-SVQ,156.0,6743.0,184,72,936,68501.02489606407
1176,01/11/2016,2016,11,1,7147,SVQ,DUB,SVQ-DUB,156.0,6775.0,179,35,460,67786.49099744883
1177,01/11/2016,2016,11,1,8404,BRQ,STN,BRQ-STN,120.0,4950.0,168,40,520,65497.69626641093
1178,01/11/2016,2016,11,1,2468,STN,LCJ,STN-LCJ,102.0,4580.0,163,24,310,64239.9881305093
1179,01/11/2016,2016,11,1,8403,STN,BRQ,STN-BRQ,92.0,4050.0,172,42,550,64733.19454567929
1180,01/11/2016,2016,11,1,2469,LCJ,STN,LCJ-STN,137.0,5620.0,185,56,733,67698.62579674431
1181,01/11/2016,2016,11,1,817,EDI,DUB,EDI-DUB,38.0,1764.0,179,42,550,63163.23822003996
1182,01/11/2016,2016,11,1,6875,DUB,BCN,DUB-BCN,122.0,5000.0,177,62,806,66496.49587658641
1183,01/11/2016,2016,11,1,6874,BCN,DUB,BCN-DUB,127.0,5900.0,177,42,550,66530.38314979328
1184,01/11/2016,2016,11,1,816,DUB,EDI,DUB-EDI,46.0,2100.0,182,79,1027,64032.28132675306
1185,01/11/2016,2016,11,1,115,LGW,DUB,LGW-DUB,57.0,2500.0,167,23,306,62779.251925224584
1186,01/11/2016,2016,11,1,1452,DUB,BRU,DUB-BRU,78.0,3200.0,181,57,741,65036.24126790972
1187,01/11/2016,2016,11,1,114,DUB,LGW,DUB-LGW,66.0,2970.0,182,56,728,64633.59542715024
1188,01/11/2016,2016,11,1,8398,NUE,BUD,NUE-BUD,59.0,2480.0,171,34,440,63271.6664125815
1189,01/11/2016,2016,11,1,8399,BUD,NUE,BUD-NUE,70.0,2825.0,144,19,280,61398.07857009266
1190,01/11/2016,2016,11,1,3503,MAN,NUE,MAN-NUE,89.0,3410.0,115,17,226,59746.45555748764
1191,01/11/2016,2016,11,1,3504,NUE,MAN,NUE-MAN,107.0,4360.0,181,32,420,65980.45271569525
1192,01/11/2016,2016,11,1,7021,TRF,WMI,TRF-WMI,81.0,3215.0,160,11,140,63052.46110419697
1193,01/11/2016,2016,11,1,8446,BUD,STN,BUD-STN,146.0,6381.0,174,39,510,67013.17663532463
1194,01/11/2016,2016,11,1,296,TLS,STN,TLS-STN,97.0,4120.0,159,26,343,63735.84990143714
1195,01/11/2016,2016,11,1,295,STN,TLS,STN-TLS,93.0,4350.0,159,19,250,63517.4230907968
1196,01/11/2016,2016,11,1,8445,STN,BUD,STN-BUD,55.0,5350.0,186,41,530,64397.01035375337
1197,01/11/2016,2016,11,1,1382,CRL,ZAZ,CRL-ZAZ,98.0,4200.0,175,61,280,65042.99888458589
1198,01/11/2016,2016,11,1,1057,CRL,WMI,CRL-WMI,93.0,4230.0,157,42,160,63296.109954467945
1199,01/11/2016,2016,11,1,1383,ZAZ,CRL,ZAZ-CRL,98.0,4240.0,173,39,510,65027.26478608091
1200,01/11/2016,2016,11,1,1058,WMI,CRL,WMI-CRL,111.0,4540.0,169,29,380,65132.47154709469
1201,01/11/2016,2016,11,1,2202,KRK,GRO,KRK-GRO,139.0,5594.0,183,37,480,67451.93603941031
1202,01/11/2016,2016,11,1,2201,GRO,KRK,GRO-KRK,137.0,5642.0,183,29,380,67308.35238870396
1203,01/11/2016,2016,11,1,8266,STN,KTW,STN-KTW,102.0,4520.0,178,30,390,65517.58812952196
1204,01/11/2016,2016,11,1,8267,KTW,STN,KTW-STN,134.0,5633.0,177,33,430,66730.98171546168
1205,01/11/2016,2016,11,1,9387,BCN,EMA,BCN-EMA,120.0,4843.0,173,29,380,65816.49051721522
1206,01/11/2016,2016,11,1,9388,EMA,BCN,EMA-BCN,115.0,4190.0,109,19,250,60302.81450752479
1207,01/11/2016,2016,11,1,1796,DUB,TLL,DUB-TLL,145.0,6440.0,170,37,481,66627.88787044688
1208,01/11/2016,2016,11,1,1797,TLL,DUB,TLL-DUB,192.0,8160.0,167,53,690,68381.41036419437
1209,01/11/2016,2016,11,1,8895,BDS,MAN,BDS-MAN,188.0,7601.0,163,49,640,67863.62017287982
1210,01/11/2016,2016,11,1,8894,MAN,BDS,MAN-BDS,165.0,5970.0,55,20,260,57878.40502471241
1211,01/11/2016,2016,11,1,8322,VLC,STN,VLC-STN,124.0,5057.0,183,25,330,66760.51935503246
1212,01/11/2016,2016,11,1,8321,STN,VLC,STN-VLC,124.0,4940.0,162,26,340,65050.256364585104
1213,01/11/2016,2016,11,1,6406,HAM,SOF,HAM-SOF,120.0,4780.0,145,41,530,63623.93924402269
1214,01/11/2016,2016,11,1,6405,SOF,HAM,SOF-HAM,149.0,6310.0,173,55,710,67178.9268200737
1215,01/11/2016,2016,11,1,6377,TFS,BCN,TFS-BCN,181.0,7520.0,185,20,260,69140.2387119614
1216,01/11/2016,2016,11,1,6376,BCN,TFS,BCN-TFS,204.0,8607.0,181,49,640,69969.78807143893
1217,01/11/2016,2016,11,1,9947,ORK,FAO,ORK-FAO,145.0,6020.0,166,35,450,66280.9843372759
1218,01/11/2016,2016,11,1,9948,FAO,ORK,FAO-ORK,127.0,5320.0,176,38,490,66410.09006423087
1219,01/11/2016,2016,11,1,2040,CTA,TSF,CTA-TSF,88.0,3650.0,182,55,720,65501.19816645491
1220,01/11/2016,2016,11,1,1160,CTA,FCO,CTA-FCO,65.0,2560.0,186,17,220,64594.55666779342
1221,01/11/2016,2016,11,1,1170,FCO,CTA,FCO-CTA,55.0,2330.0,129,31,400,59653.91395932203
1222,01/11/2016,2016,11,1,2050,TSF,CTA,TSF-CTA,83.0,3340.0,177,20,260,64598.59271626488
1223,01/11/2016,2016,11,1,8418,CIA,BUD,CIA-BUD,78.0,3310.0,181,37,480,64868.56586518462
1224,01/11/2016,2016,11,1,8206,BRS,BUD,BRS-BUD,125.0,5338.0,183,65,840,67127.83104725747
1225,01/11/2016,2016,11,1,8207,BUD,BRS,BUD-BRS,163.0,6730.0,177,52,680,68042.02325886421
1226,01/11/2016,2016,11,1,8417,BUD,CIA,BUD-CIA,77.0,3230.0,179,18,230,64504.79310925062
1227,01/11/2016,2016,11,1,175,NCL,DUB,NCL-DUB,43.0,1782.0,47,3,40,52243.34102387533
1228,01/11/2016,2016,11,1,1456,DUB,BRU,DUB-BRU,72.0,3310.0,181,75,975,64948.55033515926
1229,01/11/2016,2016,11,1,1457,BRU,DUB,BRU-DUB,80.0,3860.0,176,20,276,64408.11435010605
1230,01/11/2016,2016,11,1,174,DUB,NCL,DUB-NCL,47.0,2220.0,169,46,598,62733.63582224783
1231,01/11/2016,2016,11,1,9072,ALC,MAN,ALC-MAN,147.0,6390.0,185,42,550,67977.76129142073
1232,01/11/2016,2016,11,1,9073,MAN,ALC,MAN-ALC,143.0,5920.0,126,26,340,62861.095702819744
1233,01/11/2016,2016,11,1,2685,STN,EDI,STN-EDI,60.0,2670.0,131,20,260,59925.817665680945
1234,01/11/2016,2016,11,1,8887,STN,EDI,STN-EDI,64.0,2710.0,139,15,200,60699.9281266253
1235,01/11/2016,2016,11,1,8888,EDI,STN,EDI-STN,67.0,2710.0,155,11,140,62088.34461464003
1236,01/11/2016,2016,11,1,2684,EDI,STN,EDI-STN,58.0,2420.0,169,19,240,62940.01538130749
1237,01/11/2016,2016,11,1,2011,MAD,LPA,MAD-LPA,154.0,6780.0,182,20,260,67823.90494533384
1238,01/11/2016,2016,11,1,2012,LPA,MAD,LPA-MAD,138.0,5970.0,181,19,250,67101.01197334031
1239,01/11/2016,2016,11,1,123,LGW,DUB,LGW-DUB,61.0,2830.0,174,13,181,63429.85712814052
1240,01/11/2016,2016,11,1,7256,DUB,MAD,DUB-MAD,137.0,5770.0,177,59,767,67066.49244174955
1241,01/11/2016,2016,11,1,7257,MAD,DUB,MAD-DUB,128.0,5400.0,177,47,610,66608.59932007846
1242,01/11/2016,2016,11,1,122,DUB,LGW,DUB-LGW,60.0,3050.0,178,55,715,64060.23511069771
1243,01/11/2016,2016,11,1,7412,EIN,FAO,EIN-FAO,165.0,6810.0,167,60,780,67368.1367498661
1244,01/11/2016,2016,11,1,7411,FAO,EIN,FAO-EIN,168.0,6920.0,185,70,910,69042.10982352965
1245,01/11/2016,2016,11,1,2925,BRU,LIS,BRU-LIS,151.0,6090.0,179,30,390,67543.17007945888
1246,01/11/2016,2016,11,1,2926,LIS,BRU,LIS-BRU,136.0,5490.0,183,31,400,67281.53097787476
1247,01/11/2016,2016,11,1,2985,BRU,VLC,BRU-VLC,113.0,4725.0,170,36,480,65357.80221377149
1248,01/11/2016,2016,11,1,2986,VLC,BRU,VLC-BRU,123.0,5020.0,181,28,360,66576.62825719436
1249,01/11/2016,2016,11,1,8881,STN,EDI,STN-EDI,59.0,2710.0,156,20,260,61929.82296424889
1250,01/11/2016,2016,11,1,8883,STN,EDI,STN-EDI,56.0,2576.0,140,21,270,60509.284751574174
1251,01/11/2016,2016,11,1,8882,EDI,STN,EDI-STN,75.0,3390.0,159,14,180,62758.39086379534
1252,01/11/2016,2016,11,1,8884,EDI,STN,EDI-STN,62.0,2780.0,158,29,380,62289.41943745331
1253,01/11/2016,2016,11,1,3204,MAN,CIA,MAN-CIA,136.0,5670.0,183,34,440,67307.22835760274
1254,01/11/2016,2016,11,1,3205,CIA,MAN,CIA-MAN,153.0,6394.0,179,52,680,67808.81628387317
1255,01/11/2016,2016,11,1,1230,CHQ,ATH,CHQ-ATH,36.0,1620.0,176,19,250,62645.92662278235
1256,01/11/2016,2016,11,1,7777,CHQ,SKG,CHQ-SKG,60.0,2600.0,183,6,80,64061.02428736817
1257,01/11/2016,2016,11,1,1220,ATH,CHQ,ATH-CHQ,33.0,1930.0,181,10,130,62858.55926137103
1258,01/11/2016,2016,11,1,7778,SKG,CHQ,SKG-CHQ,61.0,2700.0,183,130,170,64158.51349244933
1259,01/11/2016,2016,11,1,9022,WMI,ATH,WMI-ATH,135.0,5524.0,172,24,310,66284.8245971187
1260,01/11/2016,2016,11,1,9021,ATH,WMI,ATH-WMI,154.0,6750.0,184,24,320,68025.94504686672
1261,01/11/2016,2016,11,1,8734,MXP,OTP,MXP-OTP,115.0,4970.0,156,29,380,64228.440742251674
1262,01/11/2016,2016,11,1,8735,OTP,MXP,OTP-MXP,126.0,5300.0,176,10,130,66139.1435459858
1263,01/11/2016,2016,11,1,5085,CHQ,PFO,CHQ-PFO,65.0,2800.0,166,22,290,63004.58676290849
1264,01/11/2016,2016,11,1,2230,CHQ,ATH,CHQ-ATH,33.0,1670.0,173,14,180,62236.704858267454
1265,01/11/2016,2016,11,1,5084,PFO,CHQ,PFO-CHQ,83.0,3390.0,152,24,320,62593.46338659572
1266,01/11/2016,2016,11,1,2220,ATH,CHQ,ATH-CHQ,35.0,1690.0,176,16,210,62580.55914236117
1267,01/11/2016,2016,11,1,4862,CRL,BLQ,CRL-BLQ,78.0,3292.0,172,47,180,63940.112373490716
1268,01/11/2016,2016,11,1,4338,BLQ,BDS,BLQ-BDS,64.0,2840.0,175,3,39,63539.3887481562
1269,01/11/2016,2016,11,1,4863,BLQ,CRL,BLQ-CRL,85.0,3590.0,181,26,338,65055.03087200262
1270,01/11/2016,2016,11,1,4339,BDS,BLQ,BDS-BLQ,70.0,2800.0,171,9,110,63496.034137450755
1271,01/11/2016,2016,11,1,6457,IBZ,CRL,IBZ-CRL,118.0,4980.0,181,49,640,66558.1594118243
1272,01/11/2016,2016,11,1,6456,CRL,IBZ,CRL-IBZ,122.0,4750.0,163,33,430,65110.482283557125
1273,01/11/2016,2016,11,1,8316,GOA,TPS,GOA-TPS,69.0,2990.0,169,43,560,63581.965526756496
1274,01/11/2016,2016,11,1,9061,BGY,TPS,BGY-TPS,76.0,3331.0,175,17,230,64138.13494467565
1275,01/11/2016,2016,11,1,9062,TPS,BGY,TPS-BGY,81.0,3540.0,179,32,420,64785.53606573133
1276,01/11/2016,2016,11,1,8315,TPS,GOA,TPS-GOA,71.0,3150.0,181,27,350,64507.3586762163
1277,01/11/2016,2016,11,1,8133,LPA,STN,LPA-STN,229.0,9555.0,174,72,940,70582.04182493554
1278,01/11/2016,2016,11,1,8132,STN,LPA,STN-LPA,253.0,10860.0,169,69,900,71099.69178199198
1279,01/11/2016,2016,11,1,2990,BGY,CPH,BGY-CPH,105.0,4433.0,173,43,290,65163.619902429346
1280,01/11/2016,2016,11,1,2989,CPH,BGY,CPH-BGY,102.0,4472.0,172,55,590,65155.592932339205
1281,01/11/2016,2016,11,1,6362,BCN,PMI,BCN-PMI,29.0,1430.0,158,10,130,60819.69749127802
1282,01/11/2016,2016,11,1,6363,PMI,BCN,PMI-BCN,31.0,1470.0,172,23,300,62152.70978009458
1283,01/11/2016,2016,11,1,7198,HAM,PMI,HAM-PMI,139.0,5350.0,163,57,740,65984.0286882333
1284,01/11/2016,2016,11,1,7197,PMI,HAM,PMI-HAM,144.0,5980.0,183,86,1120,68061.44461852404
1285,01/11/2016,2016,11,1,8043,AOI,CRL,AOI-CRL,98.0,4300.0,170,31,460,64749.90201350959
1286,01/11/2016,2016,11,1,4095,GDN,MAN,GDN-MAN,145.0,6199.0,172,32,420,66752.1933983026
1287,01/11/2016,2016,11,1,4094,MAN,GDN,MAN-GDN,106.0,4700.0,180,31,410,65852.61125409961
1288,01/11/2016,2016,11,1,3554,MAN,CIA,MAN-CIA,131.0,5730.0,186,54,700,67521.15187028001
1289,01/11/2016,2016,11,1,3555,CIA,MAN,CIA-MAN,156.0,6660.0,182,92,1200,68507.13357032789
1290,01/11/2016,2016,11,1,5202,SXF,SVQ,SXF-SVQ,189.0,7374.0,139,43,560,65889.96713082635
1291,01/11/2016,2016,11,1,5201,SVQ,SXF,SVQ-SXF,183.0,7570.0,172,30,390,68240.38418984796
1292,01/11/2016,2016,11,1,1478,SXF,BFS,SXF-BFS,129.0,5070.0,114,20,260,61273.355342013725
1293,01/11/2016,2016,11,1,1477,BFS,SXF,BFS-SXF,108.0,4970.0,161,38,496,64434.007518462706
1294,01/11/2016,2016,11,1,1276,LGW,BFS,LGW-BFS,61.0,2821.0,136,18,253,60369.72580477397
1295,01/11/2016,2016,11,1,1275,BFS,LGW,BFS-LGW,66.0,2800.0,182,50,430,64442.14994817675
1296,01/11/2016,2016,11,1,6657,PMI,EDI,PMI-EDI,182.0,7805.0,179,68,880,69087.7361026157
1297,01/11/2016,2016,11,1,6656,EDI,PMI,EDI-PMI,151.0,6290.0,168,43,560,66753.16676762792
1298,01/11/2016,2016,11,1,7243,MLA,DUB,MLA-DUB,217.0,9260.0,182,69,900,70734.2793646528
1299,01/11/2016,2016,11,1,7242,DUB,MLA,DUB-MLA,193.0,8245.0,177,79,1033,69458.90565575947
1300,01/11/2016,2016,11,1,7893,GOT,EDI,GOT-EDI,101.0,4267.0,178,60,780,65728.46748117662
1301,01/11/2016,2016,11,1,7892,EDI,GOT,EDI-GOT,86.0,3540.0,153,29,380,62832.76677423772
1302,01/11/2016,2016,11,1,4088,MAN,FAO,MAN-FAO,160.0,6650.0,144,61,790,65296.02922401189
1303,01/11/2016,2016,11,1,4087,FAO,MAN,FAO-MAN,160.0,6630.0,176,52,680,67841.26594081418
1304,01/11/2016,2016,11,1,9976,PSA,BVA,PSA-BVA,94.0,4000.0,182,28,360,65507.9423530622
1305,01/11/2016,2016,11,1,9977,BVA,PSA,BVA-PSA,84.0,3300.0,154,4,50,62623.17020606591
1306,01/11/2016,2016,11,1,7129,FUE,DUB,FUE-DUB,218.0,9129.0,145,55,720,67633.67166566358
1307,01/11/2016,2016,11,1,7128,DUB,FUE,DUB-FUE,247.0,10363.0,184,98,876,72072.4579895527
1308,01/11/2016,2016,11,1,4332,MAN,TFS,MAN-TFS,264.0,11410.0,178,82,1069,72380.35746270185
1309,01/11/2016,2016,11,1,4331,TFS,MAN,TFS-MAN,239.0,10081.0,180,85,1110,71578.43879153409
1310,01/11/2016,2016,11,1,8893,PMO,BGY,PMO-BGY,79.0,3310.0,185,14,180,65042.4936817997
1311,01/11/2016,2016,11,1,9196,PMO,BGY,PMO-BGY,81.0,3530.0,186,29,380,65332.06779779645
1312,01/11/2016,2016,11,1,8892,BGY,PMO,BGY-PMO,77.0,3090.0,180,9,110,64509.447986037114
1313,01/11/2016,2016,11,1,9195,BGY,PMO,BGY-PMO,78.0,3110.0,172,18,230,63972.2340981507
1314,01/11/2016,2016,11,1,5487,FAO,OPO,FAO-OPO,45.0,1990.0,167,7,90,62164.44486637514
1315,01/11/2016,2016,11,1,6826,EDI,FAO,EDI-FAO,184.0,7980.0,172,66,868,68587.13797829057
1316,01/11/2016,2016,11,1,5486,OPO,FAO,OPO-FAO,48.0,2304.0,187,18,230,64008.33631691158
1317,01/11/2016,2016,11,1,6827,FAO,EDI,FAO-EDI,174.0,7430.0,177,65,850,68587.60823033327
1318,01/11/2016,2016,11,1,4197,BGY,STN,BGY-STN,107.0,4336.0,173,45,590,65435.69045177562
1319,01/11/2016,2016,11,1,1703,BGY,EMA,BGY-EMA,112.0,4675.0,167,48,619,65162.1894597217
1320,01/11/2016,2016,11,1,4198,STN,BGY,STN-BGY,86.0,3782.0,183,12,160,65143.841664847176
1321,01/11/2016,2016,11,1,9961,STN,SOF,STN-SOF,156.0,6940.0,170,2,130,66838.76447095894
1322,01/11/2016,2016,11,1,9962,SOF,STN,SOF-STN,185.0,8136.0,175,61,790,68821.93923642553
1323,01/11/2016,2016,11,1,5953,BOH,FAO,BOH-FAO,142.0,5361.0,67,20,260,57946.956900414305
1324,01/11/2016,2016,11,1,5954,FAO,BOH,FAO-BOH,132.0,5791.0,179,59,770,67033.56327370406
1325,01/11/2016,2016,11,1,7035,FAO,DUB,FAO-DUB,142.0,6200.0,182,56,730,67649.80794881935
1326,01/11/2016,2016,11,1,7034,DUB,FAO,DUB-FAO,158.0,6841.0,178,106,1378,68373.83904762202
1327,01/11/2016,2016,11,1,3992,BGY,OTP,BGY-OTP,111.0,4620.0,180,24,310,65986.71830824562
1328,01/11/2016,2016,11,1,3993,OTP,BGY,OTP-BGY,118.0,5010.0,184,33,430,66668.48921616371
1329,01/11/2016,2016,11,1,4672,INI,BGY,INI-BGY,89.0,3700.0,157,25,320,63240.21907060711
1330,01/11/2016,2016,11,1,4671,BGY,INI,BGY-INI,93.0,3850.0,81,13,170,57089.761085646096
1331,01/11/2016,2016,11,1,4052,MAN,FAO,MAN-FAO,161.0,5932.0,66,23,300,58644.63917734252
1332,01/11/2016,2016,11,1,4051,FAO,MAN,FAO-MAN,145.0,6240.0,183,63,820,67908.38437125734
1333,01/11/2016,2016,11,1,2901,BRU,HAM,BRU-HAM,56.0,2690.0,158,11,140,61897.214554926235
1334,01/11/2016,2016,11,1,129,HAM,BCN,HAM-BCN,139.0,5600.0,173,35,460,66621.61718984187
1335,01/11/2016,2016,11,1,128,BCN,HAM,BCN-HAM,138.0,5850.0,184,63,820,67712.44068237543
1336,01/11/2016,2016,11,1,2902,HAM,BRU,HAM-BRU,59.0,2230.0,53,8,100,53407.09080038107
1337,01/11/2016,2016,11,1,1011,SKG,ATH,SKG-ATH,41.0,1910.0,165,6,80,61835.84608672948
1338,01/11/2016,2016,11,1,1010,ATH,SKG,ATH-SKG,37.0,1810.0,167,10,130,61872.78144055758
1339,01/11/2016,2016,11,1,2944,MAD,BRU,MAD-BRU,113.0,4816.0,184,17,220,66335.22746912582
1340,01/11/2016,2016,11,1,2943,BRU,MAD,BRU-MAD,118.0,5280.0,179,22,290,66169.81330726354
1341,01/11/2016,2016,11,1,1556,DUB,MAN,DUB-MAN,33.0,1550.0,167,19,247,61789.26587348916
1342,01/11/2016,2016,11,1,38,MAN,LIG,MAN-LIG,85.0,3360.0,150,26,310,62502.88521110923
1343,01/11/2016,2016,11,1,39,LIG,MAN,LIG-MAN,92.0,3840.0,170,42,550,64569.7005137384
1344,01/11/2016,2016,11,1,1557,MAN,DUB,MAN-DUB,34.0,1570.0,143,33,294,59897.20201207204
1345,01/11/2016,2016,11,1,9142,STN,FAO,STN-FAO,159.0,5760.0,52,18,230,57375.870337845925
1346,01/11/2016,2016,11,1,9143,FAO,STN,FAO-STN,145.0,6123.0,182,52,670,67730.27218130695
1347,01/11/2016,2016,11,1,7451,BGY,CTA,BGY-CTA,85.0,3500.0,175,17,220,64488.74150598239
1348,01/11/2016,2016,11,1,4668,BRI,BGY,BRI-BGY,70.0,3010.0,175,11,140,63842.29523612852
1349,01/11/2016,2016,11,1,7452,CTA,BGY,CTA-BGY,93.0,3760.0,174,26,340,64801.44743474145
1350,01/11/2016,2016,11,1,4667,BGY,BRI,BGY-BRI,70.0,3020.0,177,18,240,64070.032717389375
1351,01/11/2016,2016,11,1,407,CIA,CPH,CIA-CPH,136.0,5820.0,178,49,640,67026.98017639044
1352,01/11/2016,2016,11,1,406,CPH,CIA,CPH-CIA,118.0,4886.0,175,39,567,66020.77959799804
1353,01/11/2016,2016,11,1,9953,PSA,CTA,PSA-CTA,72.0,3090.0,172,30,390,63837.00301290348
1354,01/11/2016,2016,11,1,9954,CTA,PSA,CTA-PSA,77.0,3590.0,170,21,270,63794.7673452446
1355,01/11/2016,2016,11,1,9992,PSA,MLA,PSA-MLA,82.0,3480.0,165,37,480,63719.29401243026
1356,01/11/2016,2016,11,1,9993,MLA,PSA,MLA-PSA,86.0,3770.0,169,15,200,64025.08082098892
1357,01/11/2016,2016,11,1,2086,LIS,BGY,LIS-BGY,146.0,6194.0,189,34,440,68194.41146035734
1358,01/11/2016,2016,11,1,2087,BGY,LIS,BGY-LIS,150.0,6160.0,180,18,230,67482.4574758242
1359,01/11/2016,2016,11,1,1143,LIS,SXF,LIS-SXF,180.0,7501.0,184,86,1120,69571.31525944945
1360,01/11/2016,2016,11,1,1142,SXF,LIS,SXF-LIS,197.0,7880.0,154,47,610,67465.65490058856
1361,01/11/2016,2016,11,1,143,LGW,DUB,LGW-DUB,56.0,2295.0,122,11,140,58954.32197999021
1362,01/11/2016,2016,11,1,8557,SXF,DUB,SXF-DUB,129.0,5170.0,144,45,580,63931.344858950964
1363,01/11/2016,2016,11,1,142,DUB,LGW,DUB-LGW,58.0,2400.0,179,47,611,63995.828737989
1364,01/11/2016,2016,11,1,8556,DUB,SXF,DUB-SXF,105.0,4580.0,173,62,806,65495.11610092035
1365,01/11/2016,2016,11,1,4341,BLQ,PMO,BLQ-PMO,66.0,3260.0,182,13,170,64275.116979944854
1366,01/11/2016,2016,11,1,4342,PMO,BLQ,PMO-BLQ,70.0,3110.0,182,18,230,64472.34345230961
1367,01/11/2016,2016,11,1,4302,TPS,BLQ,TPS-BLQ,75.0,3310.0,181,21,270,64614.64431953311
1368,01/11/2016,2016,11,1,4301,BLQ,TPS,BLQ-TPS,67.0,3370.0,178,7,90,63936.404257300295
1369,01/11/2016,2016,11,1,1971,TFS,VLC,TFS-VLC,154.0,6730.0,182,43,560,68016.63529329373
1370,01/11/2016,2016,11,1,2616,KRK,VDA,KRK-VDA,197.0,8433.0,175,28,370,69028.15795760001
1371,01/11/2016,2016,11,1,2617,VDA,KRK,VDA-KRK,242.0,9383.0,126,53,730,67038.98512379375
1372,01/11/2016,2016,11,1,2941,LIS,HAM,LIS-HAM,172.0,7352.0,179,53,696,68572.82714893503
1373,01/11/2016,2016,11,1,2942,HAM,LIS,HAM-LIS,192.0,7940.0,160,37,480,67674.27000882932
1374,01/11/2016,2016,11,1,7054,DUB,AGP,DUB-AGP,158.0,6220.0,186,25,325,68351.33165404637
1375,01/11/2016,2016,11,1,7055,AGP,DUB,AGP-DUB,155.0,6270.0,183,24,310,67977.44378665747
1376,01/11/2016,2016,11,1,8311,GDN,BGY,GDN-BGY,118.0,4630.0,153,18,230,64005.844822439976
1377,01/11/2016,2016,11,1,8312,BGY,GDN,BGY-GDN,108.0,4229.0,145,29,380,63051.53286172442
1378,01/11/2016,2016,11,1,3097,WAW,GDN,WAW-GDN,38.0,1570.0,92,3,46,55727.46084603859
1379,01/11/2016,2016,11,1,3096,GDN,WAW,GDN-WAW,38.0,1570.0,78,3,40,54579.14801549316
1380,01/11/2016,2016,11,1,6366,BGY,BCN,BGY-BCN,73.0,3265.0,184,11,140,64697.02868194211
1381,01/11/2016,2016,11,1,9163,BHX,BCN,BHX-BCN,111.0,4490.0,163,25,330,64609.867726612036
1382,01/11/2016,2016,11,1,6365,BCN,BGY,BCN-BGY,75.0,3740.0,185,15,200,64896.66196889092
1383,01/11/2016,2016,11,1,9162,BCN,BHX,BCN-BHX,116.0,4940.0,179,43,560,66263.93041904105
1384,01/11/2016,2016,11,1,4032,FAO,LPL,FAO-LPL,146.0,6100.0,184,62,800,68016.95279805698
1385,01/11/2016,2016,11,1,4031,LPL,FAO,LPL-FAO,158.0,5705.0,20,8,100,54636.77924198253
1386,01/11/2016,2016,11,1,3089,MAN,AGP,MAN-AGP,161.0,6698.0,177,54,710,67981.9560922738
1387,01/11/2016,2016,11,1,3088,AGP,MAN,AGP-MAN,159.0,6440.0,184,46,600,68404.17720842858
1388,01/11/2016,2016,11,1,2695,OPO,LIS,OPO-LIS,33.0,1470.0,162,3,40,61247.546853544605
1389,01/11/2016,2016,11,1,2694,LIS,OPO,LIS-OPO,36.0,1520.0,159,19,250,61256.227351284775
1390,01/11/2016,2016,11,1,1084,BVA,LIS,BVA-LIS,130.0,5360.0,176,20,260,66381.34043287454
1391,01/11/2016,2016,11,1,1083,LIS,BVA,LIS-BVA,122.0,5140.0,185,30,390,66883.21925517893
1392,01/11/2016,2016,11,1,1594,SXF,SOF,SXF-SOF,106.0,4190.0,169,31,400,64946.96973349272
1393,01/11/2016,2016,11,1,1595,SOF,SXF,SOF-SXF,130.0,5100.0,174,31,400,66307.7872299816
1394,01/11/2016,2016,11,1,4663,BGY,VLC,BGY-VLC,99.0,4032.0,183,40,520,65890.82939141055
1395,01/11/2016,2016,11,1,4664,VLC,BGY,VLC-BGY,97.0,4180.0,182,31,400,65652.65003486976
1396,01/11/2016,2016,11,1,1144,SXF,MAN,SXF-MAN,128.0,4750.0,152,34,440,64455.71005697339
1397,01/11/2016,2016,11,1,197,BUD,SXF,BUD-SXF,67.0,2920.0,187,20,260,64781.34126487824
1398,01/11/2016,2016,11,1,1145,MAN,SXF,MAN-SXF,84.0,3450.0,165,31,400,63747.23945436068
1399,01/11/2016,2016,11,1,196,SXF,BUD,SXF-BUD,68.0,2780.0,151,9,120,61788.17796158745
1400,01/11/2016,2016,11,1,752,STN,HHN,STN-HHN,58.0,3000.0,173,40,520,63446.88510328517
1401,01/11/2016,2016,11,1,1235,PSA,HHN,PSA-HHN,76.0,3342.0,185,39,510,65135.48676247599
1402,01/11/2016,2016,11,1,753,HHN,STN,HHN-STN,61.0,2880.0,166,89,1160,63404.824369219394
1403,01/11/2016,2016,11,1,1234,HHN,PSA,HHN-PSA,69.0,3210.0,157,31,400,62498.21181619921
1404,01/11/2016,2016,11,1,7951,BGY,CTA,BGY-CTA,86.0,3570.0,177,22,290,64736.87605314045
1405,01/11/2016,2016,11,1,8549,BGY,CGN,BGY-CGN,75.0,3090.0,143,14,180,61450.43860826822
1406,01/11/2016,2016,11,1,7952,CTA,BGY,CTA-BGY,91.0,3859.0,177,29,380,64993.04566099438
1407,01/11/2016,2016,11,1,8548,CGN,BGY,CGN-BGY,72.0,3190.0,156,13,176,62391.56977583163
1408,01/11/2016,2016,11,1,8715,TRN,BRI,TRN-BRI,78.0,3510.0,184,11,140,64895.37918540808
1409,01/11/2016,2016,11,1,4887,BRI,BGY,BRI-BGY,70.0,3040.0,183,31,400,64663.30433212398
1410,01/11/2016,2016,11,1,8714,BRI,TRN,BRI-TRN,79.0,3270.0,176,47,610,64583.01737014153
1411,01/11/2016,2016,11,1,4886,BGY,BRI,BGY-BRI,70.0,2931.0,183,12,150,64502.695708824074
1412,01/11/2016,2016,11,1,147,STN,SXF,STN-SXF,68.0,3361.0,145,16,210,61355.51497015274
1413,01/11/2016,2016,11,1,146,SXF,STN,SXF-STN,98.0,4280.0,155,23,300,63420.90725504097
1414,01/11/2016,2016,11,1,4878,CAG,CIA,CAG-CIA,45.0,1960.0,162,8,100,61762.134131454906
1415,01/11/2016,2016,11,1,7305,KRK,CAG,KRK-CAG,116.0,4750.0,165,27,350,64984.560951882886
1416,01/11/2016,2016,11,1,7304,CAG,KRK,CAG-KRK,129.0,5320.0,177,41,530,66596.87466131568
1417,01/11/2016,2016,11,1,4879,CIA,CAG,CIA-CAG,43.0,1880.0,163,2,30,61719.570531515
1418,01/11/2016,2016,11,1,5323,SZZ,DUB,SZZ-DUB,139.0,5730.0,160,67,870,65822.30412443791
1419,01/11/2016,2016,11,1,536,DUB,EMA,DUB-EMA,40.0,1920.0,177,61,793,63235.195971332956
1420,01/11/2016,2016,11,1,537,EMA,DUB,EMA-DUB,39.0,1942.0,114,11,140,57625.95414044235
1421,01/11/2016,2016,11,1,5322,DUB,SZZ,DUB-SZZ,109.0,4550.0,188,87,1131,67088.79295353968
1422,01/11/2016,2016,11,1,8109,BRS,AGP,BRS-AGP,145.0,5740.0,133,35,446,63580.76307227841
1423,01/11/2016,2016,11,1,8108,AGP,BRS,AGP-BRS,136.0,6290.0,181,45,506,67186.13500221302
1424,01/11/2016,2016,11,1,9471,PSA,MAD,PSA-MAD,102.0,4570.0,174,17,220,65081.38620179624
1425,01/11/2016,2016,11,1,9472,MAD,PSA,MAD-PSA,100.0,4427.0,163,12,160,64064.28275514297
1426,01/11/2016,2016,11,1,8379,SCQ,STN,SCQ-STN,105.0,4330.0,170,38,490,65046.86575315794
1427,01/11/2016,2016,11,1,8378,STN,SCQ,STN-SCQ,111.0,4694.0,162,10,130,64399.633812001666
1428,01/11/2016,2016,11,1,7426,VST,ALC,VST-ALC,224.0,9618.0,183,92,1196,71283.87769546268
1429,01/11/2016,2016,11,1,7427,ALC,VST,ALC-VST,212.0,9200.0,182,74,960,70574.47493077882
1430,01/11/2016,2016,11,1,3468,LTN,VNO,LTN-VNO,132.0,5560.0,166,18,230,65623.93743976047
1431,01/11/2016,2016,11,1,3469,VNO,LTN,VNO-LTN,170.0,7010.0,178,39,506,68289.67737787026
1432,01/11/2016,2016,11,1,4191,BGY,STN,BGY-STN,112.0,4670.0,177,36,470,65883.93687993941
1433,01/11/2016,2016,11,1,9065,BGY,ALC,BGY-ALC,107.0,4470.0,179,42,550,65900.4751678703
1434,01/11/2016,2016,11,1,9064,ALC,BGY,ALC-BGY,105.0,4685.0,178,31,400,65643.02277653353
1435,01/11/2016,2016,11,1,4192,STN,BGY,STN-BGY,92.0,4320.0,162,24,310,63761.540107606925
1436,01/11/2016,2016,11,1,7523,EIN,ALC,EIN-ALC,135.0,5882.0,181,26,340,67039.8207756487
1437,01/11/2016,2016,11,1,7522,ALC,EIN,ALC-EIN,133.0,5840.0,185,42,550,67422.37988171601
1438,01/11/2016,2016,11,1,9778,PSA,BDS,PSA-BDS,67.0,3220.0,164,17,220,62875.46251783001
1439,01/11/2016,2016,11,1,585,PSA,STN,PSA-STN,123.0,5010.0,174,35,460,66068.64259472121
1440,01/11/2016,2016,11,1,584,STN,PSA,STN-PSA,90.0,4530.0,171,28,360,64450.04477461452
1441,01/11/2016,2016,11,1,9779,BDS,PSA,BDS-PSA,68.0,2980.0,169,23,300,63375.2624578314
1442,01/11/2016,2016,11,1,5332,BIQ,CRL,BIQ-CRL,82.0,3411.0,183,61,836,65419.44697947735
1443,01/11/2016,2016,11,1,5331,CRL,BIQ,CRL-BIQ,81.0,3510.0,167,74,560,63894.51270313393
1444,01/11/2016,2016,11,1,606,CPH,MAD,CPH-MAD,179.0,8027.0,181,77,1015,69218.94848905895
1445,01/11/2016,2016,11,1,607,MAD,CPH,MAD-CPH,163.0,6910.0,167,28,360,67018.97406133587
1446,01/11/2016,2016,11,1,2245,VNO,STN,VNO-STN,166.0,6640.0,181,19,23,68065.9421627934
1447,01/11/2016,2016,11,1,2244,STN,VNO,STN-VNO,123.0,5370.0,188,21,270,67091.03826459951
1448,01/11/2016,2016,11,1,2813,CGN,STN,CGN-STN,61.0,2920.0,177,33,436,63838.91897181775
1449,01/11/2016,2016,11,1,178,CGN,VLC,CGN-VLC,124.0,5560.0,162,36,466,65131.20311072825
1450,01/11/2016,2016,11,1,179,VLC,CGN,VLC-CGN,132.0,5851.0,179,64,830,67072.10934329603
1451,01/11/2016,2016,11,1,2814,STN,CGN,STN-CGN,56.0,2590.0,148,18,230,61137.56349960975
1452,01/11/2016,2016,11,1,7156,DUB,MAD,DUB-MAD,137.0,6050.0,180,52,676,67253.27195077972
1453,01/11/2016,2016,11,1,7157,MAD,DUB,MAD-DUB,122.0,5460.0,180,23,300,66416.66507093875
1454,01/11/2016,2016,11,1,1055,CRL,WMI,CRL-WMI,87.0,3970.0,168,46,210,63989.428250643665
1455,01/11/2016,2016,11,1,1056,WMI,CRL,WMI-CRL,114.0,5066.0,177,17,220,65802.66845802589
1456,01/11/2016,2016,11,1,2682,STN,MAD,STN-MAD,124.0,5614.0,155,16,210,64394.51076867603
1457,01/11/2016,2016,11,1,2683,MAD,STN,MAD-STN,115.0,5129.0,169,36,470,65348.97105425543
1458,01/11/2016,2016,11,1,1972,VLC,TFS,VLC-TFS,179.0,7311.0,174,43,560,68354.41168286001
1459,01/11/2016,2016,11,1,4636,SVQ,BGY,SVQ-BGY,133.0,5720.0,183,23,300,67098.27722647521
1460,01/11/2016,2016,11,1,4635,BGY,SVQ,BGY-SVQ,137.0,5650.0,168,14,180,65953.66025050735
1461,01/11/2016,2016,11,1,1087,BLQ,CTA,BLQ-CTA,76.0,3290.0,166,8,100,63318.895316825685
1462,01/11/2016,2016,11,1,4304,BVA,BLQ,BVA-BLQ,74.0,3320.0,177,18,230,64222.28877523015
1463,01/11/2016,2016,11,1,4303,BLQ,BVA,BLQ-BVA,91.0,3960.0,185,38,490,65717.68958300991
1464,01/11/2016,2016,11,1,1088,CTA,BLQ,CTA-BLQ,82.0,3726.0,179,26,340,64773.811406968554
1465,01/11/2016,2016,11,1,8806,BGY,FUE,BGY-FUE,233.0,9820.0,185,67,1010,71684.90981790719
1466,01/11/2016,2016,11,1,8807,FUE,BGY,FUE-BGY,223.0,9364.0,181,66,860,70864.85557311353
1467,01/11/2016,2016,11,1,9398,VNO,CIA,VNO-CIA,135.0,5583.0,176,24,21,66426.14909246578
1468,01/11/2016,2016,11,1,9397,CIA,VNO,CIA-VNO,154.0,6380.0,172,26,340,67057.82954508536
1469,01/11/2016,2016,11,1,4902,FCO,PMO,FCO-PMO,42.0,1850.0,165,17,230,61971.881361402615
1470,01/11/2016,2016,11,1,4904,FCO,PMO,FCO-PMO,42.0,1870.0,180,24,310,63249.481360415266
1471,01/11/2016,2016,11,1,4903,PMO,FCO,PMO-FCO,48.0,2160.0,171,26,210,62687.535371520455
1472,01/11/2016,2016,11,1,4901,PMO,FCO,PMO-FCO,50.0,2040.0,174,15,180,62992.84358602219
1473,01/11/2016,2016,11,1,3099,WAW,GDN,WAW-GDN,38.0,1750.0,162,5,70,61465.17039180656
1474,01/11/2016,2016,11,1,3098,GDN,WAW,GDN-WAW,45.0,1920.0,171,10,130,62517.1303099849
1475,01/11/2016,2016,11,1,6452,PMO,BGY,PMO-BGY,79.0,3600.0,184,16,210,64980.01970062524
1476,01/11/2016,2016,11,1,8922,PMO,TSF,PMO-TSF,78.0,3200.0,182,36,470,64943.888536223065
1477,01/11/2016,2016,11,1,6451,BGY,PMO,BGY-PMO,75.0,3060.0,176,20,260,64199.484894748886
1478,01/11/2016,2016,11,1,8921,TSF,PMO,TSF-PMO,70.0,3160.0,181,8,100,64307.079952223205
1479,01/11/2016,2016,11,1,12,MAD,ALC,MAD-ALC,41.0,1760.0,175,31,404,62861.46502223061
1480,01/11/2016,2016,11,1,15,ALC,MAD,ALC-MAD,45.0,1850.0,152,19,246,61038.459407757604
1481,01/11/2016,2016,11,1,672,DUB,BHX,DUB-BHX,43.0,2090.0,177,21,273,63020.14033694874
1482,01/11/2016,2016,11,1,673,BHX,DUB,BHX-DUB,42.0,2010.0,98,13,170,56456.28522179079
1483,01/11/2016,2016,11,1,2999,AMS,DUB,AMS-DUB,74.0,3505.0,172,18,230,63813.55369537792
1484,01/11/2016,2016,11,1,2998,DUB,AMS,DUB-AMS,72.0,3140.0,180,60,780,64741.5285930149
1485,01/11/2016,2016,11,1,3002,STN,CIA,STN-CIA,122.0,5270.0,186,42,520,67048.48275526534
1486,01/11/2016,2016,11,1,3005,CIA,STN,CIA-STN,152.0,6560.0,178,29,380,67494.66881924964
1487,01/11/2016,2016,11,1,8367,BUD,MAD,BUD-MAD,161.0,7184.0,182,51,660,68358.56944746606
1488,01/11/2016,2016,11,1,8368,MAD,BUD,MAD-BUD,167.0,7380.0,174,41,530,67859.0974397457
1489,01/11/2016,2016,11,1,2538,CTA,MLA,CTA-MLA,24.0,1400.0,168,42,550,61708.63963466034
1490,01/11/2016,2016,11,1,3875,MLA,TSF,MLA-TSF,103.0,4270.0,181,38,490,65866.74272744644
1491,01/11/2016,2016,11,1,3874,TSF,MLA,TSF-MLA,91.0,3910.0,182,80,1040,65825.78750635836
1492,01/11/2016,2016,11,1,2537,MLA,CTA,MLA-CTA,30.0,1330.0,164,23,300,61459.063551637824
1493,01/11/2016,2016,11,1,2952,MAD,BRU,MAD-BRU,111.0,4785.0,182,17,220,66092.39323579855
1494,01/11/2016,2016,11,1,2951,BRU,MAD,BRU-MAD,116.0,5390.0,185,33,420,66664.47168581578
1495,01/11/2016,2016,11,1,842,LTN,KIR,LTN-KIR,66.0,2810.0,146,26,340,61441.438268852755
1496,01/11/2016,2016,11,1,341,LTN,DUB,LTN-DUB,48.0,2320.0,155,19,250,61405.28049572131
1497,01/11/2016,2016,11,1,843,KIR,LTN,KIR-LTN,60.0,2520.0,171,23,300,63221.39568422674
1498,01/11/2016,2016,11,1,342,DUB,LTN,DUB-LTN,46.0,2020.0,176,52,676,63316.30472381732
1499,01/11/2016,2016,11,1,8711,TSF,BRI,TSF-BRI,59.0,2550.0,172,5,70,63115.71266606808
1500,01/11/2016,2016,11,1,4326,BRI,BLQ,BRI-BLQ,69.0,2750.0,169,12,160,63324.99172947665
1501,01/11/2016,2016,11,1,4327,BLQ,BRI,BLQ-BRI,57.0,2500.0,175,9,120,63313.735237253015
1502,01/11/2016,2016,11,1,8712,BRI,TSF,BRI-TSF,63.0,2720.0,175,15,190,63596.72625593614
1503,01/11/2016,2016,11,1,138,SXF,VLC,SXF-VLC,153.0,6160.0,166,40,520,66643.31555734543
1504,01/11/2016,2016,11,1,139,VLC,SXF,VLC-SXF,148.0,6082.0,168,32,420,66544.21563650039
1505,01/11/2016,2016,11,1,7092,FCO,BRI,FCO-BRI,43.0,2130.0,149,34,440,60838.5104501406
1506,01/11/2016,2016,11,1,8717,TRN,BRI,TRN-BRI,78.0,3200.0,167,6,80,63467.13384431852
1507,01/11/2016,2016,11,1,8716,BRI,TRN,BRI-TRN,78.0,3500.0,179,15,190,64518.76583021583
1508,01/11/2016,2016,11,1,7093,BRI,FCO,BRI-FCO,44.0,1920.0,151,17,220,60900.33899427077
1509,01/11/2016,2016,11,1,4631,BGY,VLC,BGY-VLC,91.0,3910.0,183,30,390,65489.95210174905
1510,01/11/2016,2016,11,1,4632,VLC,BGY,VLC-BGY,101.0,4310.0,182,15,200,65682.84353900261
1511,01/11/2016,2016,11,1,9834,HHN,VLC,HHN-VLC,121.0,5151.0,172,29,380,65774.41360193797
1512,01/11/2016,2016,11,1,9835,VLC,HHN,VLC-HHN,127.0,5500.0,183,48,620,67065.83566013993
1513,01/11/2016,2016,11,1,9783,PSA,BRI,PSA-BRI,61.0,2600.0,167,13,170,62850.56123692221
1514,01/11/2016,2016,11,1,9784,BRI,PSA,BRI-PSA,59.0,2550.0,181,18,240,63960.649673646025
1515,01/11/2016,2016,11,1,1421,PSA,LIS,PSA-LIS,148.0,5770.0,175,35,460,67142.14212802149
1516,01/11/2016,2016,11,1,1422,LIS,PSA,LIS-PSA,140.0,5900.0,174,25,320,66653.09347745756
1517,01/11/2016,2016,11,1,4908,FCO,PMO,FCO-PMO,43.0,2037.0,167,11,140,62117.226389648735
1518,01/11/2016,2016,11,1,3946,FCO,PMO,FCO-PMO,40.0,1870.0,170,15,200,62282.00320507246
1519,01/11/2016,2016,11,1,4907,PMO,FCO,PMO-FCO,50.0,2220.0,171,5,80,62683.359088790894
1520,01/11/2016,2016,11,1,3947,PMO,FCO,PMO-FCO,44.0,2020.0,163,8,90,61797.78670180016
1521,01/11/2016,2016,11,1,3244,TFS,EIN,TFS-EIN,239.0,9735.0,149,60,780,68832.2779136944
1522,01/11/2016,2016,11,1,3245,EIN,TFS,EIN-TFS,275.0,11920.0,181,71,930,72972.67122368356
1523,01/11/2016,2016,11,1,9867,PMI,HHN,PMI-HHN,109.0,5039.0,177,53,690,65906.26216636375
1524,01/11/2016,2016,11,1,9866,HHN,PMI,HHN-PMI,107.0,3870.0,63,29,380,56308.60745145471
1525,01/11/2016,2016,11,1,1199,ATH,CIA,ATH-CIA,100.0,4260.0,178,25,320,65393.277513611596
1526,01/11/2016,2016,11,1,1399,ATH,CIA,ATH-CIA,100.0,4280.0,183,30,390,65846.98300798779
1527,01/11/2016,2016,11,1,1398,CIA,ATH,CIA-ATH,92.0,3946.0,152,36,470,63046.85946681441
1528,01/11/2016,2016,11,1,1198,CIA,ATH,CIA-ATH,90.0,3840.0,154,10,130,62912.58556968104
1529,01/11/2016,2016,11,1,7321,ALC,HHN,ALC-HHN,135.0,5920.0,186,40,520,67564.19406427685
1530,01/11/2016,2016,11,1,7322,HHN,ALC,HHN-ALC,130.0,5480.0,132,41,530,62957.92904333883
1531,01/11/2016,2016,11,1,6342,FCO,BCN,FCO-BCN,78.0,3190.0,172,13,170,63933.68802855872
1532,01/11/2016,2016,11,1,6341,BCN,FCO,BCN-FCO,85.0,3580.0,184,19,250,65243.737684512394
1533,01/11/2016,2016,11,1,8629,TRN,TPS,TRN-TPS,80.0,3430.0,176,11,140,64320.7432590309
1534,01/11/2016,2016,11,1,6073,TPS,FCO,TPS-FCO,51.0,2280.0,168,9,120,62503.48552130073
1535,01/11/2016,2016,11,1,6072,FCO,TPS,FCO-TPS,42.0,2200.0,161,18,230,61644.89329752083
1536,01/11/2016,2016,11,1,8628,TPS,TRN,TPS-TRN,79.0,3440.0,181,33,430,64876.11424121782
1537,01/11/2016,2016,11,1,8114,RAK,CIA,RAK-CIA,172.0,6880.0,173,47,610,68027.0956866972
1538,01/11/2016,2016,11,1,8113,CIA,RAK,CIA-RAK,180.0,7680.0,186,75,980,69644.86846234239
1539,01/11/2016,2016,11,1,8732,MXP,SVQ,MXP-SVQ,137.0,5790.0,180,22,280,66998.86789147266
1540,01/11/2016,2016,11,1,8731,CIY,MXP,CIY-MXP,93.0,3955.0,184,49,590,65779.5262177458
1541,01/11/2016,2016,11,1,8730,MXP,CIY,MXP-CIY,95.0,4450.0,172,21,270,64672.32318966297
1542,01/11/2016,2016,11,1,8733,SVQ,MXP,SVQ-MXP,136.0,5730.0,182,41,530,67283.30044602026
1543,01/11/2016,2016,11,1,12,ATH,STN,ATH-STN,219.0,9940.0,184,96,1250,71201.96567059995
1544,01/11/2016,2016,11,1,11,STN,ATH,STN-ATH,182.0,7909.0,170,73,950,68396.98337340566
1545,01/11/2016,2016,11,1,2600,RIX,SXF,RIX-SXF,84.0,3360.0,170,29,380,64143.125844348906
1546,01/11/2016,2016,11,1,163,BRU,SXF,BRU-SXF,64.0,2830.0,176,17,234,63746.410490300565
1547,01/11/2016,2016,11,1,2599,SXF,RIX,SXF-RIX,77.0,3170.0,155,26,340,62613.53252021189
1548,01/11/2016,2016,11,1,162,SXF,BRU,SXF-BRU,65.0,2740.0,162,17,220,62632.62828450273
1549,01/11/2016,2016,11,1,6381,BCN,SCQ,BCN-SCQ,83.0,4070.0,183,14,180,65037.68005263158
1550,01/11/2016,2016,11,1,6380,SCQ,BCN,SCQ-BCN,90.0,3792.0,182,12,160,65220.7750516495
1551,01/11/2016,2016,11,1,245,BCN,VGO,BCN-VGO,87.0,4170.0,185,26,340,65462.64400625719
1552,01/11/2016,2016,11,1,246,VGO,BCN,VGO-BCN,87.0,3600.0,181,16,210,65052.13945825945
1553,01/11/2016,2016,11,1,3014,STN,CIA,STN-CIA,119.0,5116.0,173,37,480,65841.06386584198
1554,01/11/2016,2016,11,1,3015,CIA,STN,CIA-STN,142.0,6050.0,183,39,510,67590.21937628588
1555,01/11/2016,2016,11,1,8415,BUD,CRL,BUD-CRL,108.0,4320.0,179,28,370,65824.50705978757
1556,01/11/2016,2016,11,1,8416,CRL,BUD,CRL-BUD,96.0,3730.0,183,98,750,65919.57902276688
1557,01/11/2016,2016,11,1,8745,BUD,BLL,BUD-BLL,111.0,4350.0,186,27,350,66502.89778379627
1558,01/11/2016,2016,11,1,8744,BLL,BUD,BLL-BUD,96.0,3640.0,172,28,370,64776.236739676126
1559,01/11/2016,2016,11,1,1023,DUB,BUD,DUB-BUD,140.0,5630.0,189,83,1079,68366.90649735276
1560,01/11/2016,2016,11,1,1024,BUD,DUB,BUD-DUB,179.0,7240.0,177,36,470,68541.83362638338
1561,01/11/2016,2016,11,1,7104,BDS,FCO,BDS-FCO,53.0,1970.0,156,10,140,61614.71022090577
1562,01/11/2016,2016,11,1,8828,BDS,TSF,BDS-TSF,69.0,2820.0,172,27,350,63692.29533109591
1563,01/11/2016,2016,11,1,8829,TSF,BDS,TSF-BDS,65.0,2880.0,169,9,120,63140.613946975885
1564,01/11/2016,2016,11,1,7103,FCO,BDS,FCO-BDS,51.0,2290.0,153,30,390,61450.73759490795
1565,01/11/2016,2016,11,1,1102,FUE,SXF,FUE-SXF,268.0,10730.0,149,131,1700,70573.75056754067
1566,01/11/2016,2016,11,1,1101,SXF,FUE,SXF-FUE,291.0,11980.0,156,114,1490,71923.48075170531
1567,01/11/2016,2016,11,1,2451,FAO,NOC,FAO-NOC,148.0,5820.0,157,25,320,65580.75501150553
1568,01/11/2016,2016,11,1,2452,NOC,FAO,NOC-FAO,164.0,6200.0,157,30,390,66260.4470371206
1569,01/11/2016,2016,11,1,8354,BUD,STN,BUD-STN,144.0,6330.0,186,38,490,67901.95193571961
1570,01/11/2016,2016,11,1,8353,STN,BUD,STN-BUD,115.0,5120.0,181,27,350,66252.84310671681
1571,01/11/2016,2016,11,1,3882,LTN,MLA,LTN-MLA,175.0,6957.0,151,74,960,66572.52371004684
1572,01/11/2016,2016,11,1,3883,MLA,LTN,MLA-LTN,189.0,7600.0,178,50,650,69135.9198580617
1573,01/11/2016,2016,11,1,9069,ALC,TRF,ALC-TRF,216.0,9500.0,184,100,1300,71115.07709318034
1574,01/11/2016,2016,11,1,9068,TRF,ALC,TRF-ALC,205.0,8721.0,168,61,800,69049.53648342828
1575,01/11/2016,2016,11,1,9045,BCN,STN,BCN-STN,113.0,5060.0,168,36,470,65187.883836898596
1576,01/11/2016,2016,11,1,6354,BGY,BCN,BGY-BCN,69.0,2890.0,179,18,240,64193.85664863707
1577,01/11/2016,2016,11,1,9044,STN,BCN,STN-BCN,106.0,4470.0,175,27,340,65398.90575972341
1578,01/11/2016,2016,11,1,6353,BCN,BGY,BCN-BGY,77.0,3600.0,179,19,250,64517.641799114615
1579,01/11/2016,2016,11,1,195,BLQ,STN,BLQ-STN,119.0,5350.0,182,20,260,66435.45142107207
1580,01/11/2016,2016,11,1,194,STN,BLQ,STN-BLQ,97.0,4320.0,170,29,380,64658.83715336042
1581,01/11/2016,2016,11,1,9282,STN,FAO,STN-FAO,156.0,6417.0,105,26,340,61660.11967645191
1582,01/11/2016,2016,11,1,9283,FAO,STN,FAO-STN,145.0,6190.0,182,63,920,67890.88080460686
1583,01/11/2016,2016,11,1,9924,EIN,PSA,EIN-PSA,82.0,3460.0,162,24,320,63371.263445606986
1584,01/11/2016,2016,11,1,9923,PSA,EIN,PSA-EIN,95.0,3900.0,175,52,536,65088.45181276541
1585,01/11/2016,2016,11,1,5318,SCQ,MAD,SCQ-MAD,55.0,2554.0,183,6,80,63862.673783902195
1586,01/11/2016,2016,11,1,5317,MAD,SCQ,MAD-SCQ,50.0,2270.0,175,16,210,63093.86363678862
1587,01/11/2016,2016,11,1,5374,MAD,BLQ,MAD-BLQ,113.0,5040.0,177,12,160,65724.45228774071
1588,01/11/2016,2016,11,1,5375,BLQ,MAD,BLQ-MAD,113.0,5150.0,183,13,170,66221.3587284954
1589,01/11/2016,2016,11,1,1517,HAM,STN,HAM-STN,76.0,3100.0,145,18,230,61685.724465562285
1590,01/11/2016,2016,11,1,1518,STN,HAM,STN-HAM,63.0,2890.0,121,13,176,59173.3933106273
1591,01/11/2016,2016,11,1,5504,HAM,BGY,HAM-BGY,85.0,3510.0,181,23,300,65030.61836126103
1592,01/11/2016,2016,11,1,5501,BGY,HAM,BGY-HAM,87.0,3450.0,159,27,350,63343.645935957604
1593,01/11/2016,2016,11,1,1020,CTA,TRN,CTA-TRN,93.0,4070.0,176,39,500,65067.73098559428
1594,01/11/2016,2016,11,1,1030,TRN,CTA,TRN-CTA,88.0,3927.0,176,13,270,64721.6205486924
1595,01/11/2016,2016,11,1,4855,CTA,FCO,CTA-FCO,60.0,2620.0,171,43,560,63388.42865245865
1596,01/11/2016,2016,11,1,4856,FCO,CTA,FCO-CTA,50.0,2700.0,177,36,470,63424.39063696141
1597,01/11/2016,2016,11,1,1387,OPO,CRL,OPO-CRL,120.0,4890.0,174,27,350,65878.96449838967
1598,01/11/2016,2016,11,1,4584,OPO,BCN,OPO-BCN,90.0,3690.0,176,19,250,64788.1120602148
1599,01/11/2016,2016,11,1,4585,BCN,OPO,BCN-OPO,83.0,3950.0,166,21,270,63705.79988552198
1600,01/11/2016,2016,11,1,1386,CRL,OPO,CRL-OPO,128.0,5188.0,167,44,180,65514.88232829816
1601,01/11/2016,2016,11,1,7475,BVA,OPO,BVA-OPO,111.0,4508.0,170,14,180,65085.73166442521
1602,01/11/2016,2016,11,1,7474,OPO,BVA,OPO-BVA,101.0,4520.0,187,44,570,66329.2793813387
1603,01/11/2016,2016,11,1,8095,BGY,BDS,BGY-BDS,74.0,2990.0,181,15,190,64523.579459383946
1604,01/11/2016,2016,11,1,8795,BGY,BDS,BGY-BDS,76.0,3220.0,174,19,250,64069.23661856919
1605,01/11/2016,2016,11,1,8796,BDS,BGY,BDS-BGY,77.0,3240.0,178,29,380,64519.41126726012
1606,01/11/2016,2016,11,1,8096,BDS,BGY,BDS-BGY,80.0,3200.0,184,24,320,65090.3575955704
1607,01/11/2016,2016,11,1,8705,TSF,BRI,TSF-BRI,59.0,2510.0,166,7,400,62837.23395300128
1608,01/11/2016,2016,11,1,4659,BRI,BGY,BRI-BGY,76.0,3200.0,177,5,60,64192.41511277261
1609,01/11/2016,2016,11,1,4658,BGY,BRI,BGY-BRI,68.0,2880.0,177,7,100,63900.75168695504
1610,01/11/2016,2016,11,1,8704,BRI,TSF,BRI-TSF,62.0,2620.0,175,18,240,63589.177879902934
1611,01/11/2016,2016,11,1,4764,BGY,TLL,BGY-TLL,150.0,6080.0,171,37,480,66907.3429553901
1612,01/11/2016,2016,11,1,4765,TLL,BGY,TLL-BGY,165.0,6526.0,162,21,280,66638.18442341406
1613,01/11/2016,2016,11,1,314,SXF,OTP,SXF-OTP,103.0,3900.0,113,23,300,60185.88308774823
1614,01/11/2016,2016,11,1,315,OTP,SXF,OTP-SXF,120.0,4848.0,162,25,330,64885.151616880335
1615,01/11/2016,2016,11,1,9907,PSA,DUB,PSA-DUB,153.0,6750.0,183,54,700,68148.65303761893
1616,01/11/2016,2016,11,1,9908,DUB,PSA,DUB-PSA,131.0,6030.0,181,73,696,67109.84705245499
1617,01/11/2016,2016,11,1,9585,PMO,PSA,PMO-PSA,61.0,3000.0,183,12,160,64152.089147517334
1618,01/11/2016,2016,11,1,9584,PSA,PMO,PSA-PMO,60.0,2890.0,162,11,140,62382.8830215808
1619,01/11/2016,2016,11,1,4598,OPO,FMM,OPO-FMM,138.0,6400.0,181,33,430,67216.65018211624
1620,01/11/2016,2016,11,1,4599,FMM,OPO,FMM-OPO,146.0,6181.0,178,32,420,67282.34559481846
1621,01/11/2016,2016,11,1,7068,CIA,SKG,CIA-SKG,86.0,3870.0,167,22,290,63919.40589343599
1622,01/11/2016,2016,11,1,7069,SKG,CIA,SKG-CIA,82.0,3620.0,164,18,240,63483.3627180919
1623,01/11/2016,2016,11,1,7749,CAG,BGY,CAG-BGY,68.0,2970.0,184,31,400,64665.71114670804
1624,01/11/2016,2016,11,1,9934,CAG,PSA,CAG-PSA,49.0,2420.0,164,22,290,62206.3711198765
1625,01/11/2016,2016,11,1,7748,BGY,CAG,BGY-CAG,62.0,2630.0,182,11,140,64097.16354237609
1626,01/11/2016,2016,11,1,9933,PSA,CAG,PSA-CAG,49.0,2000.0,175,21,270,63092.73960568741
1627,01/11/2016,2016,11,1,8877,RAK,PSA,RAK-PSA,168.0,7364.0,182,44,580,68584.86539286244
1628,01/11/2016,2016,11,1,8876,PSA,RAK,PSA-RAK,180.0,8060.0,175,83,1080,68809.89473598744
1629,01/11/2016,2016,11,1,4916,PMO,TRN,PMO-TRN,81.0,3490.0,182,18,230,64908.71455993473
1630,01/11/2016,2016,11,1,167,BRU,SXF,BRU-SXF,60.0,2730.0,162,10,130,62376.4586766488
1631,01/11/2016,2016,11,1,133,BCN,SXF,BCN-SXF,136.0,6070.0,179,44,570,67063.75677783691
1632,01/11/2016,2016,11,1,132,SXF,BCN,SXF-BCN,129.0,5490.0,185,31,410,67173.75864989529
1633,01/11/2016,2016,11,1,166,SXF,BRU,SXF-BRU,77.0,3430.0,183,32,420,64953.843726840336
1634,01/11/2016,2016,11,1,6016,DUB,SOF,DUB-SOF,188.0,8000.0,180,95,1235,69635.56796783117
1635,01/11/2016,2016,11,1,6015,SOF,DUB,SOF-DUB,227.0,9760.0,173,57,743,70294.39501241839
1636,01/11/2016,2016,11,1,5153,RAK,MRS,RAK-MRS,141.0,6110.0,182,101,1320,67989.17419911394
1637,01/11/2016,2016,11,1,5152,MRS,RAK,MRS-RAK,148.0,6460.0,175,80,1040,67514.75413407727
1638,01/11/2016,2016,11,1,8838,BGY,TFS,BGY-TFS,250.0,10748.0,185,92,1199,72480.72164890621
1639,01/11/2016,2016,11,1,8839,TFS,BGY,TFS-BGY,243.0,10140.0,179,37,480,71250.63844762064
1640,01/11/2016,2016,11,1,6374,BCN,BVA,BCN-BVA,88.0,4200.0,177,35,460,64925.43011837077
1641,01/11/2016,2016,11,1,6984,FCO,BCN,FCO-BCN,81.0,3456.0,177,26,340,64570.647274334464
1642,01/11/2016,2016,11,1,6375,BVA,BCN,BVA-BCN,83.0,3530.0,166,33,430,63808.589404433915
1643,01/11/2016,2016,11,1,6983,BCN,FCO,BCN-FCO,83.0,3810.0,181,19,250,64919.15643521467
1644,01/11/2016,2016,11,1,9338,PMI,CRL,PMI-CRL,116.0,4900.0,189,71,920,67312.67699629736
1645,01/11/2016,2016,11,1,9339,CRL,PMI,CRL-PMI,108.0,4599.0,168,50,650,65105.17154220857
1646,01/11/2016,2016,11,1,5511,BGY,TSR,BGY-TSR,78.0,3340.0,151,25,320,62313.36586715931
1647,01/11/2016,2016,11,1,5512,TSR,BGY,TSR-BGY,83.0,3720.0,179,36,464,64893.1433848185
1648,01/11/2016,2016,11,1,9667,SVQ,FCO,SVQ-FCO,137.0,5945.0,185,19,250,67388.3299365289
1649,01/11/2016,2016,11,1,9666,FCO,SVQ,FCO-SVQ,142.0,6020.0,175,18,230,66756.36159042642
1650,01/11/2016,2016,11,1,2633,OPO,PDL,OPO-PDL,124.0,6200.0,182,26,340,66685.19668399401
1651,01/11/2016,2016,11,1,2624,PDL,LIS,PDL-LIS,114.0,5310.0,178,14,190,65865.14243920035
1652,01/11/2016,2016,11,1,2625,LIS,PDL,LIS-PDL,62.0,5904.0,181,22,290,64111.78170038559
1653,01/11/2016,2016,11,1,2632,PDL,OPO,PDL-OPO,117.0,5390.0,178,15,200,65990.57708621192
1654,01/11/2016,2016,11,1,3071,STN,CIY,STN-CIY,163.0,6850.0,128,30,390,63850.113473284495
1655,01/11/2016,2016,11,1,3074,CIY,STN,CIY-STN,180.0,7927.0,181,77,996,69246.41233438136
1656,01/11/2016,2016,11,1,171,ATH,SXF,ATH-SXF,167.0,6873.0,186,46,600,68885.03204591502
1657,01/11/2016,2016,11,1,170,SXF,ATH,SXF-ATH,140.0,5340.0,123,21,270,62451.87393830485
1658,01/11/2016,2016,11,1,9592,LPL,PMI,LPL-PMI,130.0,4395.0,6,2,30,52336.5877844629
1659,01/11/2016,2016,11,1,9593,PMI,LPL,PMI-LPL,140.0,5860.0,178,46,600,67159.96319943524
1660,01/11/2016,2016,11,1,8551,PMI,FMM,PMI-FMM,109.0,4970.0,176,52,680,65818.09080546131
1661,01/11/2016,2016,11,1,2916,PMI,BRU,PMI-BRU,130.0,5590.0,181,43,560,66982.80586068664
1662,01/11/2016,2016,11,1,2915,BRU,PMI,BRU-PMI,110.0,4740.0,172,61,790,65601.44063652468
1663,01/11/2016,2016,11,1,8552,FMM,PMI,FMM-PMI,97.0,4173.0,162,56,730,64229.71309821673
1664,01/11/2016,2016,11,1,4193,BGY,STN,BGY-STN,113.0,4870.0,162,30,390,64646.006981619954
1665,01/11/2016,2016,11,1,4194,STN,BGY,STN-BGY,89.0,3829.0,184,22,420,65511.6319511291
1666,01/11/2016,2016,11,1,2992,BGY,CPH,BGY-CPH,104.0,4600.0,170,24,310,64891.557443688806
1667,01/11/2016,2016,11,1,2991,CPH,BGY,CPH-BGY,107.0,4400.0,178,65,610,65857.27422149184
1668,01/11/2016,2016,11,1,2907,BRU,HAM,BRU-HAM,52.0,2150.0,109,11,135,57729.71819713565
1669,01/11/2016,2016,11,1,2908,HAM,BRU,HAM-BRU,80.0,2890.0,83,9,120,56705.42208391549
1670,01/11/2016,2016,11,1,5033,WAW,WRO,WAW-WRO,39.0,1620.0,104,5,70,56763.51356621392
1671,01/11/2016,2016,11,1,5034,WRO,WAW,WRO-WAW,44.0,1980.0,138,8,100,59760.53564747103
1672,01/11/2016,2016,11,1,2102,OTP,CRL,OTP-CRL,162.0,6770.0,172,33,430,67433.00945501888
1673,01/11/2016,2016,11,1,2101,CRL,OTP,CRL-OTP,138.0,5982.0,165,71,500,65953.66834111308
1674,01/11/2016,2016,11,1,161,DUB,CPH,DUB-CPH,105.0,4320.0,174,40,520,65393.1268518357
1675,01/11/2016,2016,11,1,160,CPH,DUB,CPH-DUB,111.0,4876.0,185,97,700,66646.0028404457
1676,01/11/2016,2016,11,1,7752,MAD,RAK,MAD-RAK,100.0,4435.0,164,48,620,64441.54963798525
1677,01/11/2016,2016,11,1,7753,RAK,MAD,RAK-MAD,96.0,4270.0,182,58,750,65837.83200679644
1678,01/11/2016,2016,11,1,4008,SVQ,RAK,SVQ-RAK,67.0,3100.0,170,45,590,63603.64537613654
1679,01/11/2016,2016,11,1,4009,RAK,SVQ,RAK-SVQ,62.0,2870.0,183,78,1010,64737.82856743021
1680,01/11/2016,2016,11,1,2283,STN,WMI,STN-WMI,99.0,4450.0,152,16,210,63157.517203434865
1681,01/11/2016,2016,11,1,2284,WMI,STN,WMI-STN,137.0,5963.0,173,27,350,66471.60919420351
1682,01/11/2016,2016,11,1,505,BRS,DUB,BRS-DUB,38.0,1930.0,152,15,200,60731.21671621806
1683,01/11/2016,2016,11,1,504,DUB,BRS,DUB-BRS,91.0,3610.0,169,48,624,64495.823549571534
1684,01/11/2016,2016,11,1,9456,DUB,BLQ,DUB-BLQ,128.0,5570.0,184,62,806,67306.7455925387
1685,01/11/2016,2016,11,1,9457,BLQ,DUB,BLQ-DUB,153.0,6760.0,175,61,790,67552.49601424334
1686,01/11/2016,2016,11,1,7033,FAO,DUB,FAO-DUB,155.0,6557.0,186,56,730,68492.50732171265
1687,01/11/2016,2016,11,1,7032,DUB,FAO,DUB-FAO,160.0,6730.0,177,87,1131,68212.75091321766
1688,01/11/2016,2016,11,1,5205,CGN,MLA,CGN-MLA,139.0,5910.0,172,32,426,66518.02740110262
1689,01/11/2016,2016,11,1,5206,MLA,CGN,MLA-CGN,154.0,6540.0,186,66,860,68536.3537051354
1690,01/11/2016,2016,11,1,3092,LIS,EIN,LIS-EIN,142.0,6299.0,188,40,426,67944.98995870934
1691,01/11/2016,2016,11,1,3091,EIN,LIS,EIN-LIS,161.0,6900.0,184,45,583,68472.59602343057
1692,01/11/2016,2016,11,1,9016,BCN,FEZ,BCN-FEZ,96.0,4450.0,161,42,550,63992.657772777166
1693,01/11/2016,2016,11,1,9017,FEZ,BCN,FEZ-BCN,92.0,3860.0,176,45,580,65079.45564435706
1694,01/11/2016,2016,11,1,8853,STN,MLA,STN-MLA,96.0,4510.0,144,52,680,62686.47498539554
1695,01/11/2016,2016,11,1,8852,MLA,STN,MLA-STN,181.0,7596.0,184,49,640,69302.61680340683
1696,01/11/2016,2016,11,1,885,BLQ,MLA,BLQ-MLA,87.0,3660.0,142,22,283,61910.90355341566
1697,01/11/2016,2016,11,1,2242,MAN,BLQ,MAN-BLQ,113.0,4510.0,183,34,440,66394.81604165929
1698,01/11/2016,2016,11,1,2241,BLQ,MAN,BLQ-MAN,131.0,5300.0,178,51,770,66912.14615704042
1699,01/11/2016,2016,11,1,4324,BLQ,SUF,BLQ-SUF,68.0,3200.0,169,5,70,63227.50252439549
1700,01/11/2016,2016,11,1,4325,SUF,BLQ,SUF-BLQ,74.0,3050.0,174,12,150,63925.65296786284
1701,01/11/2016,2016,11,1,9678,VLC,CIA,VLC-CIA,100.0,4160.0,179,24,310,65468.600184650044
1702,01/11/2016,2016,11,1,9677,CIA,VLC,CIA-VLC,98.0,4114.0,179,24,310,65389.259983263655
1703,01/11/2016,2016,11,1,2923,BRU,AGP,BRU-AGP,149.0,6250.0,175,40,628,67289.74122357223
1704,01/11/2016,2016,11,1,2924,AGP,BRU,AGP-BRU,140.0,6099.0,182,44,570,67467.67822852102
1705,01/11/2016,2016,11,1,6330,BCN,SOF,BCN-SOF,159.0,6731.0,180,31,400,67948.70224590687
1706,01/11/2016,2016,11,1,6329,SOF,BCN,SOF-BCN,158.0,6550.0,165,40,520,66759.91904484095
1707,01/11/2016,2016,11,1,141,CIA,SXF,CIA-SXF,106.0,4430.0,179,23,300,65700.19644387721
1708,01/11/2016,2016,11,1,140,SXF,CIA,SXF-CIA,99.0,3890.0,187,18,230,66031.51145226444
1709,01/11/2016,2016,11,1,1571,VNO,SXF,VNO-SXF,80.0,3680.0,178,5,48,64425.13331759743
1710,01/11/2016,2016,11,1,1570,SXF,VNO,SXF-VNO,71.0,3060.0,146,15,200,61549.847943270775
1711,01/11/2016,2016,11,1,716,PMI,BVA,PMI-BVA,105.0,4630.0,189,54,700,66734.97030016832
1712,01/11/2016,2016,11,1,9117,BTS,BVA,BTS-BVA,110.0,4530.0,185,19,240,66310.81287288068
1713,01/11/2016,2016,11,1,9116,BVA,BTS,BVA-BTS,101.0,4480.0,172,22,290,64923.19248368612
1714,01/11/2016,2016,11,1,717,BVA,PMI,BVA-PMI,94.0,3868.0,127,26,330,60992.583439891714
1715,01/11/2016,2016,11,1,435,TSR,OTP,TSR-OTP,46.0,2030.0,176,21,270,63055.47631957827
1716,01/11/2016,2016,11,1,311,CRL,TSR,CRL-TSR,108.0,4399.0,154,41,260,63710.16386627447
1717,01/11/2016,2016,11,1,436,OTP,TSR,OTP-TSR,46.0,2170.0,158,24,310,61609.72741183824
1718,01/11/2016,2016,11,1,310,TSR,CRL,TSR-CRL,127.0,5090.0,168,20,260,65608.35400303139
1719,01/11/2016,2016,11,1,4531,WMI,NCL,WMI-NCL,144.0,5150.0,79,11,140,58930.16915426208
1720,01/11/2016,2016,11,1,4532,NCL,WMI,NCL-WMI,129.0,4961.0,111,23,300,61053.81167383037
1721,01/11/2016,2016,11,1,9706,PMI,NYO,PMI-NYO,197.0,7720.0,179,75,980,69747.03106233355
1722,01/11/2016,2016,11,1,9707,NYO,PMI,NYO-PMI,192.0,7450.0,178,40,520,69171.41367602532
1723,01/11/2016,2016,11,1,6300,SOF,ATH,SOF-ATH,57.0,2240.0,153,22,290,61624.51474974715
1724,01/11/2016,2016,11,1,6301,ATH,SOF,ATH-SOF,63.0,3100.0,182,25,330,64258.89619677721
1725,01/11/2016,2016,11,1,6014,EIN,SOF,EIN-SOF,132.0,5710.0,169,29,380,65965.54366165175
1726,01/11/2016,2016,11,1,6013,SOF,EIN,SOF-EIN,157.0,6810.0,170,36,470,67096.86229934
1727,01/11/2016,2016,11,1,6933,RBA,CRL,RBA-CRL,167.0,7070.0,177,43,560,68123.61152245302
1728,01/11/2016,2016,11,1,6932,CRL,RBA,CRL-RBA,172.0,7660.0,171,136,770,67966.39117366823
1729,01/11/2016,2016,11,1,2497,CFU,LBA,CFU-LBA,202.0,8000.0,169,49,640,68909.4836784072
1730,01/11/2016,2016,11,1,2496,LBA,CFU,LBA-CFU,178.0,5674.0,26,20,260,56023.45287058101
1731,01/11/2016,2016,11,1,5677,AGP,PMI,AGP-PMI,78.0,3473.0,167,20,260,63582.772053094464
1732,01/11/2016,2016,11,1,5676,PMI,AGP,PMI-AGP,77.0,3200.0,179,29,380,64601.158283230565
1733,01/11/2016,2016,11,1,2281,STN,WMI,STN-WMI,103.0,4500.0,162,30,390,64249.30597468802
1734,01/11/2016,2016,11,1,8746,STN,LRH,STN-LRH,78.0,3550.0,163,30,390,63339.300473328636
1735,01/11/2016,2016,11,1,8747,LRH,STN,LRH-STN,73.0,2950.0,161,44,590,63105.9428365617
1736,01/11/2016,2016,11,1,2282,WMI,STN,WMI-STN,143.0,5954.0,182,30,390,67471.05032182467
1737,01/11/2016,2016,11,1,1368,SKG,ATH,SKG-ATH,38.0,1910.0,156,16,210,61064.62912503184
1738,01/11/2016,2016,11,1,1232,ATH,JTR,ATH-JTR,31.0,1700.0,176,29,380,62531.092603432335
1739,01/11/2016,2016,11,1,1233,JTR,ATH,JTR-ATH,31.0,1570.0,183,40,520,63193.2625442734
1740,01/11/2016,2016,11,1,1367,ATH,SKG,ATH-SKG,38.0,2000.0,177,12,150,62742.77039081921
1741,01/11/2016,2016,11,1,1270,BGY,ATH,BGY-ATH,119.0,5279.0,169,24,310,65404.861938116264
1742,01/11/2016,2016,11,1,1260,ATH,BGY,ATH-BGY,126.0,5630.0,181,19,250,66624.97076502198
1743,01/11/2016,2016,11,1,8405,STN,WRO,STN-WRO,96.0,3996.0,169,26,346,64515.577263928004
1744,01/11/2016,2016,11,1,8406,WRO,STN,WRO-STN,120.0,5290.0,180,46,600,66530.05521751224
1745,01/11/2016,2016,11,1,2433,KRK,STN,KRK-STN,140.0,5355.0,185,29,380,67590.85672272442
1746,01/11/2016,2016,11,1,6876,BGY,KRK,BGY-KRK,86.0,3677.0,174,30,390,64555.87845454908
1747,01/11/2016,2016,11,1,2432,STN,KRK,STN-KRK,109.0,4944.0,172,22,290,65240.55328923167
1748,01/11/2016,2016,11,1,6877,KRK,BGY,KRK-BGY,85.0,3550.0,175,16,210,64482.31716105039
1749,01/11/2016,2016,11,1,9652,EMA,CIA,EMA-CIA,130.0,4960.0,142,26,340,63653.33664933535
1750,01/11/2016,2016,11,1,9651,CIA,EMA,CIA-EMA,148.0,5945.0,170,34,440,66720.55835830528
1751,01/11/2016,2016,11,1,3004,STN,CIA,STN-CIA,118.0,4907.0,176,22,290,65924.5722593522
1752,01/11/2016,2016,11,1,3003,CIA,STN,CIA-STN,146.0,6330.0,183,32,420,67691.08067467068
1753,01/11/2016,2016,11,1,1202,STN,PMI,STN-PMI,124.0,4490.0,50,10,130,55759.6793323233
1754,01/11/2016,2016,11,1,1203,PMI,STN,PMI-STN,130.0,5606.0,179,52,680,66896.40396792971
1755,01/11/2016,2016,11,1,6028,ATH,MLA,ATH-MLA,88.0,4000.0,187,30,396,65701.78447051045
1756,01/11/2016,2016,11,1,6029,MLA,ATH,MLA-ATH,81.0,3814.0,177,61,790,64859.742796274295
1757,01/11/2016,2016,11,1,6592,ATH,JMK,ATH-JMK,22.0,1100.0,134,7,90,58554.38102340699
1758,01/11/2016,2016,11,1,6593,JMK,ATH,JMK-ATH,23.0,1150.0,172,51,670,62073.04973703289
1759,01/11/2016,2016,11,1,7798,FCO,BRI,FCO-BRI,51.0,2140.0,163,16,210,62152.56954583647
1760,01/11/2016,2016,11,1,7010,BRU,FCO,BRU-FCO,94.0,3950.0,179,54,540,65378.339513926796
1761,01/11/2016,2016,11,1,7000,FCO,BRU,FCO-BRU,108.0,4480.0,171,31,400,65189.80396681999
1762,01/11/2016,2016,11,1,7799,BRI,FCO,BRI-FCO,45.0,1980.0,164,11,140,61951.325543123785
1763,01/11/2016,2016,11,1,9432,DUB,CIA,DUB-CIA,153.0,6520.0,182,72,936,68218.5205620436
1764,01/11/2016,2016,11,1,9431,CIA,DUB,CIA-DUB,182.0,7886.0,184,59,770,69425.80338821597
1765,01/11/2016,2016,11,1,9685,CIA,MAD,CIA-MAD,123.0,5347.0,175,9,120,65931.96188300378
1766,01/11/2016,2016,11,1,9686,MAD,CIA,MAD-CIA,122.0,5025.0,176,11,140,65986.88748814503
1767,01/11/2016,2016,11,1,8061,CFU,BHX,CFU-BHX,191.0,7700.0,176,62,810,69154.55554641913
1768,01/11/2016,2016,11,1,8062,BHX,CFU,BHX-CFU,174.0,5547.0,23,7,100,55516.74190098496
1769,01/11/2016,2016,11,1,308,TSR,OTP,TSR-OTP,41.0,1840.0,147,18,250,60473.613663105396
1770,01/11/2016,2016,11,1,309,OTP,TSR,OTP-TSR,45.0,2210.0,168,17,220,62329.708366461535
1771,01/11/2016,2016,11,1,7404,LTN,CPH,LTN-CPH,79.0,3530.0,176,19,250,64351.740952589666
1772,01/11/2016,2016,11,1,7403,CPH,LTN,CPH-LTN,100.0,4120.0,185,74,620,66158.2369733646
1773,01/11/2016,2016,11,1,7621,KUN,CPH,KUN-CPH,74.0,3390.0,160,14,180,62800.4677790726
1774,01/11/2016,2016,11,1,7620,CPH,KUN,CPH-KUN,59.0,2726.0,171,23,300,63181.72558353355
1775,01/11/2016,2016,11,1,8729,STN,MXP,STN-MXP,104.0,4345.0,180,15,200,65638.3598091413
1776,01/11/2016,2016,11,1,8728,MXP,STN,MXP-STN,111.0,4910.0,169,31,410,65151.744581890685
1777,01/11/2016,2016,11,1,2507,BCN,CGN,BCN-CGN,109.0,5190.0,176,49,640,65792.39342573332
1778,01/11/2016,2016,11,1,2508,CGN,BCN,CGN-BCN,114.0,4900.0,175,40,588,65875.59031958246
1779,01/11/2016,2016,11,1,4056,WMI,BVA,WMI-BVA,127.0,5410.0,182,14,170,66694.99312222966
1780,01/11/2016,2016,11,1,3899,WMI,BGY,WMI-BGY,109.0,4420.0,182,16,210,66006.62868948016
1781,01/11/2016,2016,11,1,4055,BVA,WMI,BVA-WMI,103.0,4340.0,156,27,350,63733.12649913736
1782,01/11/2016,2016,11,1,3898,BGY,WMI,BGY-WMI,103.0,4408.0,184,33,420,66067.01336083381
1783,01/11/2016,2016,11,1,1021,STN,WMI,STN-WMI,120.0,4685.0,155,10,130,64184.435606447296
1784,01/11/2016,2016,11,1,1022,WMI,STN,WMI-STN,143.0,5630.0,161,20,260,65670.84650232937
1785,01/11/2016,2016,11,1,6131,WMI,FUE,WMI-FUE,318.0,13040.0,180,98,1273,74817.09356868791
1786,01/11/2016,2016,11,1,6132,FUE,WMI,FUE-WMI,292.0,11887.0,175,44,570,72925.30442209332
1787,01/11/2016,2016,11,1,2947,BRU,FCO,BRU-FCO,97.0,4070.0,175,36,481,65132.45811702582
1788,01/11/2016,2016,11,1,2948,FCO,BRU,FCO-BRU,106.0,4740.0,186,37,480,66388.06376444625
1789,01/11/2016,2016,11,1,1299,ATH,CIA,ATH-CIA,97.0,4208.0,181,14,180,65429.5674303954
1790,01/11/2016,2016,11,1,1298,CIA,ATH,CIA-ATH,91.0,4010.0,161,28,360,63672.244715603265
1791,01/11/2016,2016,11,1,8178,CRL,TFS,CRL-TFS,258.0,11270.0,186,106,840,72649.19548736354
1792,01/11/2016,2016,11,1,8179,TFS,CRL,TFS-CRL,227.0,9800.0,171,54,700,70103.27629726991
1793,01/11/2016,2016,11,1,2546,NCL,TFS,NCL-TFS,274.0,11804.0,172,137,1250,72402.85701708024
1794,01/11/2016,2016,11,1,2545,TFS,NCL,TFS-NCL,248.0,10200.0,175,94,1220,71597.40241217255
1795,01/11/2016,2016,11,1,8137,IBZ,BCN,IBZ-BCN,36.0,1750.0,182,37,480,63284.16865204093
1796,01/11/2016,2016,11,1,9145,BCN,LPL,BCN-LPL,132.0,5380.0,175,31,400,66468.87444733841
1797,01/11/2016,2016,11,1,8136,BCN,IBZ,BCN-IBZ,44.0,1890.0,124,25,330,58763.837357320706
1798,01/11/2016,2016,11,1,9146,LPL,BCN,LPL-BCN,117.0,4680.0,153,22,293,64006.64809481836
1799,01/11/2016,2016,11,1,1340,ATH,RHO,ATH-RHO,41.0,2100.0,118,11,140,58032.282405710524
1800,01/11/2016,2016,11,1,1350,RHO,ATH,RHO-ATH,45.0,2150.0,182,37,480,63641.19955827967
1801,01/11/2016,2016,11,1,1196,ATH,CRL,ATH-CRL,192.0,8200.0,185,46,600,69795.0375472744
1802,01/11/2016,2016,11,1,1197,CRL,ATH,CRL-ATH,156.0,6952.0,178,88,550,67762.56308586635
1803,01/11/2016,2016,11,1,7095,MJV,DUB,MJV-DUB,148.0,6494.0,180,34,440,67538.02851800973
1804,01/11/2016,2016,11,1,7094,DUB,MJV,DUB-MJV,148.0,6730.0,166,59,767,66603.64637369977
1805,01/11/2016,2016,11,1,2983,BRU,FCO,BRU-FCO,97.0,3870.0,174,21,273,64917.08472646985
1806,01/11/2016,2016,11,1,2984,FCO,BRU,FCO-BRU,109.0,4367.0,182,38,490,66186.51034757606
1807,01/11/2016,2016,11,1,9646,LPL,KRK,LPL-KRK,113.0,4775.0,172,55,720,65675.48052408028
1808,01/11/2016,2016,11,1,9647,KRK,LPL,KRK-LPL,158.0,6660.0,172,42,540,67344.99684649806
1809,01/11/2016,2016,11,1,1767,FAO,EMA,FAO-EMA,149.0,6363.0,182,61,790,67966.04472326368
1810,01/11/2016,2016,11,1,1766,EMA,FAO,EMA-FAO,160.0,5720.0,33,8,100,55778.8306509847
1811,01/11/2016,2016,11,1,1702,EMA,BGY,EMA-BGY,96.0,4018.0,182,99,1290,66184.74663312425
1812,01/11/2016,2016,11,1,9087,GOT,ALC,GOT-ALC,201.0,7991.0,182,66,868,70078.99984977931
1813,01/11/2016,2016,11,1,9086,ALC,GOT,ALC-GOT,187.0,7881.0,187,58,750,69856.54624972928
1814,01/11/2016,2016,11,1,8544,STN,SXF,STN-SXF,72.0,3460.0,147,25,330,61754.78154405036
1815,01/11/2016,2016,11,1,8545,SXF,STN,SXF-STN,99.0,4027.0,153,19,250,63264.96159913329
1816,01/11/2016,2016,11,1,972,STN,GOA,STN-GOA,100.0,4360.0,179,78,1030,65931.15301975378
1817,01/11/2016,2016,11,1,973,GOA,STN,GOA-STN,113.0,4780.0,175,49,644,65871.89655050845
1818,01/11/2016,2016,11,1,7922,GDN,EDI,GDN-EDI,135.0,5700.0,171,30,390,66254.47234060423
1819,01/11/2016,2016,11,1,7921,EDI,GDN,EDI-GDN,113.0,4789.0,165,35,460,64936.21844405527
1820,01/11/2016,2016,11,1,5083,SKG,PFO,SKG-PFO,89.0,3760.0,181,39,510,65324.210007605725
1821,01/11/2016,2016,11,1,5082,PFO,SKG,PFO-SKG,108.0,4750.0,184,33,450,66284.63689909576
1822,01/11/2016,2016,11,1,2122,PRG,CRL,PRG-CRL,68.0,3300.0,188,27,351,64961.21992042304
1823,01/11/2016,2016,11,1,2121,CRL,PRG,CRL-PRG,65.0,2930.0,178,22,290,63985.55095455383
1824,01/11/2016,2016,11,1,5508,PRG,BGY,PRG-BGY,62.0,2960.0,169,20,260,63111.544473944254
1825,01/11/2016,2016,11,1,5507,BGY,PRG,BGY-PRG,67.0,2850.0,151,18,230,61819.17565514622
1826,01/11/2016,2016,11,1,2513,MAD,OTP,MAD-OTP,203.0,8598.0,171,40,520,69035.55567185734
1827,01/11/2016,2016,11,1,2514,OTP,MAD,OTP-MAD,215.0,9224.0,183,67,876,70721.26775140007
1828,01/11/2016,2016,11,1,4733,BGY,SXF,BGY-SXF,78.0,3277.0,167,23,300,63608.46943282244
1829,01/11/2016,2016,11,1,2607,TSF,SXF,TSF-SXF,75.0,3500.0,167,29,380,63540.853890198836
1830,01/11/2016,2016,11,1,2606,SXF,TSF,SXF-TSF,73.0,2990.0,163,26,340,63108.82824520268
1831,01/11/2016,2016,11,1,4734,SXF,BGY,SXF-BGY,79.0,3280.0,179,11,140,64526.31420624904
1832,01/11/2016,2016,11,1,2835,BRU,BCN,BRU-BCN,99.0,4080.0,184,40,586,66014.97708393217
1833,01/11/2016,2016,11,1,2961,BRU,MXP,BRU-MXP,67.0,2970.0,175,13,200,63761.83100364092
1834,01/11/2016,2016,11,1,2962,MXP,BRU,MXP-BRU,68.0,3070.0,110,15,200,58487.94506625516
1835,01/11/2016,2016,11,1,2834,BCN,BRU,BCN-BRU,105.0,4560.0,178,36,470,65687.9931910575
1836,01/11/2016,2016,11,1,9015,BCN,STN,BCN-STN,115.0,4800.0,159,31,400,64486.530480027
1837,01/11/2016,2016,11,1,9014,STN,BCN,STN-BCN,110.0,4400.0,162,21,270,64449.90454035642
1838,01/11/2016,2016,11,1,4596,OPO,BCN,OPO-BCN,92.0,3550.0,180,14,180,65149.469910958986
1839,01/11/2016,2016,11,1,4597,BCN,OPO,BCN-OPO,87.0,4090.0,175,12,160,64529.535637776804
1840,01/11/2016,2016,11,1,5518,CTA,MXP,CTA-MXP,94.0,4210.0,178,19,240,65103.862149996465
1841,01/11/2016,2016,11,1,5520,CTA,MXP,CTA-MXP,95.0,4145.0,183,14,180,65513.721260949904
1842,01/11/2016,2016,11,1,5519,MXP,CTA,MXP-CTA,91.0,3980.0,178,15,190,64952.7301232569
1843,01/11/2016,2016,11,1,5517,MXP,CTA,MXP-CTA,93.0,3940.0,164,24,310,63964.704240241
1844,01/11/2016,2016,11,1,9673,CIA,MAD,CIA-MAD,119.0,5320.0,182,21,270,66441.87576600407
1845,01/11/2016,2016,11,1,9674,MAD,CIA,MAD-CIA,122.0,5250.0,178,29,380,66304.56579845383
1846,01/11/2016,2016,11,1,6387,AGP,BCN,AGP-BCN,74.0,3200.0,183,30,390,64815.56038996477
1847,01/11/2016,2016,11,1,6386,BCN,AGP,BCN-AGP,76.0,3330.0,189,17,220,65276.168823329885
1848,01/11/2016,2016,11,1,6944,BCN,WMI,BCN-WMI,164.0,7330.0,179,20,260,67975.36490435444
1849,01/11/2016,2016,11,1,6945,WMI,BCN,WMI-BCN,157.0,6780.0,173,20,270,67213.61644861141
1850,01/11/2016,2016,11,1,2968,BUD,LPA,BUD-LPA,301.0,12286.0,188,65,849,74524.28575955055
1851,01/11/2016,2016,11,1,2967,LPA,BUD,LPA-BUD,286.0,11540.0,155,74,960,71302.8929508731
1852,01/11/2016,2016,11,1,3022,TLS,MAD,TLS-MAD,61.0,2690.0,148,13,176,61301.22254044294
1853,01/11/2016,2016,11,1,3021,MAD,TLS,MAD-TLS,54.0,2500.0,176,35,460,63494.89967883175
1854,01/11/2016,2016,11,1,7022,WMI,TRF,WMI-TRF,97.0,4260.0,122,39,500,60812.072525963005
1855,01/11/2016,2016,11,1,2715,LGW,ALC,LGW-ALC,123.0,5344.0,173,22,286,65875.11197693403
1856,01/11/2016,2016,11,1,2714,ALC,LGW,ALC-LGW,135.0,6010.0,184,45,590,67445.67044685993
1857,01/11/2016,2016,11,1,2223,LIL,OPO,LIL-OPO,135.0,5220.0,184,7,90,67124.45320026012
1858,01/11/2016,2016,11,1,2222,OPO,LIL,OPO-LIL,115.0,4950.0,187,30,390,66769.02258226747
1859,01/11/2016,2016,11,1,7883,ALC,NUE,ALC-NUE,145.0,6340.0,171,29,380,66644.74900260416
1860,01/11/2016,2016,11,1,7884,NUE,ALC,NUE-ALC,140.0,5743.0,142,26,340,64050.03765626729
1861,01/11/2016,2016,11,1,8344,OPO,STN,OPO-STN,124.0,5190.0,180,35,460,66598.79479123707
1862,01/11/2016,2016,11,1,8343,STN,OPO,STN-OPO,125.0,5016.0,170,21,270,65698.93217851789
1863,01/11/2016,2016,11,1,7408,LTN,CPH,LTN-CPH,80.0,3800.0,173,18,230,64133.321315507535
1864,01/11/2016,2016,11,1,7476,PSA,TFS,PSA-TFS,261.0,10710.0,173,55,720,71628.40244264338
1865,01/11/2016,2016,11,1,7477,TFS,PSA,TFS-PSA,229.0,9400.0,156,50,650,68924.28953443962
1866,01/11/2016,2016,11,1,8945,STN,AGP,STN-AGP,156.0,6417.0,151,49,640,65613.21275905229
1867,01/11/2016,2016,11,1,8944,AGP,STN,AGP-STN,145.0,6230.0,176,45,590,67188.39532602832
1868,01/11/2016,2016,11,1,302,CGN,LPA,CGN-LPA,275.0,11927.0,177,76,996,72688.08383635296
1869,01/11/2016,2016,11,1,303,LPA,CGN,LPA-CGN,245.0,10313.0,169,81,1050,70878.69615042637
1870,01/11/2016,2016,11,1,1008,OTP,STN,OTP-STN,197.0,8480.0,186,39,507,70015.38865884327
1871,01/11/2016,2016,11,1,1007,STN,OTP,STN-OTP,154.0,6270.0,161,56,730,66409.16182175832
1872,01/11/2016,2016,11,1,5996,STN,MAD,STN-MAD,138.0,5764.0,172,13,170,66313.89407015033
1873,01/11/2016,2016,11,1,2062,PMI,MAD,PMI-MAD,60.0,2775.0,173,12,160,63294.94888711969
1874,01/11/2016,2016,11,1,6423,BLQ,VLC,BLQ-VLC,99.0,4120.0,183,21,270,65730.22076811065
1875,01/11/2016,2016,11,1,6422,VLC,BLQ,VLC-BLQ,104.0,4230.0,182,31,400,65930.34073972212
1876,01/11/2016,2016,11,1,4316,BRI,BLQ,BRI-BLQ,59.0,2671.0,169,10,130,62909.017687748725
1877,01/11/2016,2016,11,1,4315,BLQ,BRI,BLQ-BRI,60.0,2460.0,176,7,90,63495.219520507046
